{"solution":[{"iterations":127,"time":6754.018347493,"k":19,"model":"PowerModels.GenericPowerModel{PowerModels.StandardDCPForm}","lines":[25,29,59,90,52,18,64,99,105,115,104,61,48,16,62,107,19,116,97],"load_shed":31.024802224555632,"cut":"DC","ac_load_shed":31.025560302200397},{"iterations":132,"time":3745.363617411,"k":19,"model":"PowerModels.GenericPowerModel{PowerModels.SOCWRForm}","lines":[68,39,59,90,106,52,64,99,30,61,38,100,21,102,19,22,28,27,97],"load_shed":31.033160085365218,"cut":"DC","ac_load_shed":31.025918244036426},{"iterations":128,"time":5101.765233223,"k":19,"model":"PowerModels.GenericPowerModel{PowerModels.SOCWRForm}","lines":[68,25,29,59,90,52,64,99,105,115,104,61,100,62,107,21,19,116,97],"load_shed":31.033410329993153,"cut":"AC","ac_load_shed":31.026174084116736}]}