{"solution":[{"iterations":43,"time":31.587264184,"k":6,"model":"PowerModels.GenericPowerModel{PowerModels.StandardDCPForm}","lines":[25,59,64,102,19,97],"load_shed":11.600926947653335,"cut":"DC","ac_load_shed":11.528726417545794},{"iterations":107,"time":121.332784774,"k":6,"model":"PowerModels.GenericPowerModel{PowerModels.SOCWRForm}","lines":[25,59,64,102,19,97],"load_shed":11.592718798333664,"cut":"DC","ac_load_shed":11.528726417545794},{"iterations":93,"time":95.890102493,"k":6,"model":"PowerModels.GenericPowerModel{PowerModels.SOCWRForm}","lines":[25,59,64,102,19,97],"load_shed":11.592718798333664,"cut":"AC","ac_load_shed":11.528726417545794}]}