{"solution":[{"iterations":52,"time":213.201386373,"k":14,"model":"PowerModels.GenericPowerModel{PowerModels.StandardDCPForm}","lines":[25,29,59,90,106,52,64,99,61,48,21,102,19,97],"load_shed":24.874406673666847,"cut":"DC","ac_load_shed":24.650253287763654},{"iterations":153,"time":1584.825545914,"k":14,"model":"PowerModels.GenericPowerModel{PowerModels.SOCWRForm}","lines":[68,25,29,59,90,106,52,64,99,61,21,102,19,97],"load_shed":24.671981127237316,"cut":"DC","ac_load_shed":24.650253299619497},{"iterations":115,"time":776.258849622,"k":14,"model":"PowerModels.GenericPowerModel{PowerModels.SOCWRForm}","lines":[25,29,59,90,106,52,64,99,61,48,21,102,19,97],"load_shed":24.67198074980456,"cut":"AC","ac_load_shed":24.650253287763654}]}