{"solution":[{"iterations":78,"time":160.963278252,"k":5,"model":"PowerModels.GenericPowerModel{PowerModels.StandardDCPForm}","lines":[25,21,102,19,97],"load_shed":9.60050639311266,"cut":"DC","ac_load_shed":9.50500019306795},{"iterations":105,"time":221.576284512,"k":5,"model":"PowerModels.GenericPowerModel{PowerModels.SOCWRForm}","lines":[25,99,102,19,97],"load_shed":9.449839717311567,"cut":"DC","ac_load_shed":9.459663825758245},{"iterations":82,"time":172.694438952,"k":5,"model":"PowerModels.GenericPowerModel{PowerModels.SOCWRForm}","lines":[25,99,102,19,97],"load_shed":9.449839717311567,"cut":"AC","ac_load_shed":9.459663825758245}]}