{"solution":[{"iterations":183,"time":176.448671835,"k":7,"model":"PowerModels.GenericPowerModel{PowerModels.StandardDCPForm}","lines":[25,59,52,64,102,19,97],"load_shed":13.350926947653312,"cut":"DC","ac_load_shed":13.18309007890021},{"iterations":204,"time":239.945588744,"k":7,"model":"PowerModels.GenericPowerModel{PowerModels.SOCWRForm}","lines":[25,59,64,61,102,19,97],"load_shed":13.270544360985063,"cut":"DC","ac_load_shed":13.215258518487161},{"iterations":222,"time":276.467762462,"k":7,"model":"PowerModels.GenericPowerModel{PowerModels.SOCWRForm}","lines":[25,59,64,61,102,19,97],"load_shed":13.270544360985063,"cut":"AC","ac_load_shed":13.215258518487161}]}