{"solution":[{"iterations":64,"time":360.590968684,"k":15,"model":"PowerModels.GenericPowerModel{PowerModels.StandardDCPForm}","lines":[25,29,59,90,106,52,64,99,61,48,62,21,102,19,97],"load_shed":26.169604449111233,"cut":"DC","ac_load_shed":26.058086120671557},{"iterations":157,"time":1600.994347024,"k":15,"model":"PowerModels.GenericPowerModel{PowerModels.SOCWRForm}","lines":[68,25,29,59,90,106,52,64,99,61,21,102,19,22,97],"load_shed":26.07235350734841,"cut":"DC","ac_load_shed":26.057867200665402},{"iterations":149,"time":2082.318626507,"k":15,"model":"PowerModels.GenericPowerModel{PowerModels.SOCWRForm}","lines":[25,59,90,106,52,64,99,7,61,48,21,102,19,22,97],"load_shed":26.072355108749928,"cut":"AC","ac_load_shed":26.05786720066428}]}