{"solution":[{"iterations":142,"time":261.122380935,"k":9,"model":"PowerModels.GenericPowerModel{PowerModels.StandardDCPForm}","lines":[25,59,90,52,64,99,102,19,97],"load_shed":16.84107873939709,"cut":"DC","ac_load_shed":16.543706902409518},{"iterations":353,"time":1095.273815249,"k":9,"model":"PowerModels.GenericPowerModel{PowerModels.SOCWRForm}","lines":[25,59,52,64,61,21,102,19,97],"load_shed":16.65154466523395,"cut":"DC","ac_load_shed":16.607990064839363},{"iterations":303,"time":955.830457057,"k":9,"model":"PowerModels.GenericPowerModel{PowerModels.SOCWRForm}","lines":[25,59,64,99,61,21,102,19,97],"load_shed":16.638377847922555,"cut":"AC","ac_load_shed":16.60513821474402}]}