{"solution":[{"iterations":125,"time":3581.847556139,"k":18,"model":"PowerModels.GenericPowerModel{PowerModels.StandardDCPForm}","lines":[11,25,29,58,59,90,52,18,96,64,86,94,48,16,102,19,56,97],"load_shed":29.76820230160734,"cut":"DC","ac_load_shed":29.725535867670665},{"iterations":199,"time":6086.945517424,"k":18,"model":"PowerModels.GenericPowerModel{PowerModels.SOCWRForm}","lines":[68,39,59,90,106,52,64,99,30,61,38,21,102,19,22,28,27,97],"load_shed":29.632448439797244,"cut":"DC","ac_load_shed":29.617965246240896},{"iterations":187,"time":6885.310822891,"k":18,"model":"PowerModels.GenericPowerModel{PowerModels.SOCWRForm}","lines":[11,25,29,59,90,106,52,96,64,94,61,48,62,21,102,19,22,97],"load_shed":29.729304249131083,"cut":"AC","ac_load_shed":29.72546885190745}]}