{"solution":[{"iterations":90,"time":944.838688081,"k":17,"model":"PowerModels.GenericPowerModel{PowerModels.StandardDCPForm}","lines":[68,25,29,59,90,106,52,96,64,94,61,62,21,102,19,22,97],"load_shed":28.75999999999999,"cut":"DC","ac_load_shed":28.873656859753964},{"iterations":124,"time":1933.809309521,"k":17,"model":"PowerModels.GenericPowerModel{PowerModels.SOCWRForm}","lines":[68,25,29,59,90,52,96,64,86,94,61,62,21,102,19,22,97],"load_shed":28.873653096758815,"cut":"DC","ac_load_shed":28.873656859739256},{"iterations":104,"time":1979.009700221,"k":17,"model":"PowerModels.GenericPowerModel{PowerModels.SOCWRForm}","lines":[68,25,29,59,90,106,52,64,99,61,100,62,21,102,19,22,97],"load_shed":28.873652656848307,"cut":"AC","ac_load_shed":28.873656010786874}]}