{"solution":[{"iterations":43,"time":84.532695616,"k":4,"model":"PowerModels.GenericPowerModel{PowerModels.StandardDCPForm}","lines":[25,59,64,19],"load_shed":7.766638614127173,"cut":"DC","ac_load_shed":7.7239096392241},{"iterations":46,"time":90.296036773,"k":4,"model":"PowerModels.GenericPowerModel{PowerModels.SOCWRForm}","lines":[25,102,19,97],"load_shed":7.779724930837073,"cut":"DC","ac_load_shed":7.779561869651505},{"iterations":49,"time":92.346214584,"k":4,"model":"PowerModels.GenericPowerModel{PowerModels.SOCWRForm}","lines":[25,102,19,97],"load_shed":7.779724930837073,"cut":"AC","ac_load_shed":7.779561869651505}]}