{"solution":[{"iterations":79,"time":373.467465695,"k":13,"model":"PowerModels.GenericPowerModel{PowerModels.StandardDCPForm}","lines":[68,25,59,90,106,52,64,99,61,21,102,19,97],"load_shed":23.356731890072776,"cut":"DC","ac_load_shed":23.091371476123697},{"iterations":142,"time":1084.88673196,"k":13,"model":"PowerModels.GenericPowerModel{PowerModels.SOCWRForm}","lines":[68,25,29,59,90,52,64,99,61,21,102,19,97],"load_shed":23.11662327776736,"cut":"DC","ac_load_shed":23.091115694442166},{"iterations":163,"time":1065.034647073,"k":13,"model":"PowerModels.GenericPowerModel{PowerModels.SOCWRForm}","lines":[68,25,29,59,90,52,64,99,61,21,102,19,97],"load_shed":23.11662327776736,"cut":"AC","ac_load_shed":23.091115694442166}]}