{"solution":[{"iterations":42,"time":207.361028584,"k":12,"model":"PowerModels.GenericPowerModel{PowerModels.StandardDCPForm}","lines":[11,25,90,106,96,94,7,21,102,19,22,97],"load_shed":20.339999999999993,"cut":"DC","ac_load_shed":20.393071838449792},{"iterations":33,"time":90.450440309,"k":12,"model":"PowerModels.GenericPowerModel{PowerModels.SOCWRForm}","lines":[11,25,90,106,99,7,100,21,102,19,22,97],"load_shed":20.39307080742952,"cut":"DC","ac_load_shed":20.39307098968634},{"iterations":35,"time":101.825505267,"k":12,"model":"PowerModels.GenericPowerModel{PowerModels.SOCWRForm}","lines":[11,25,29,90,18,96,86,94,16,102,19,97],"load_shed":20.393072458190986,"cut":"AC","ac_load_shed":20.393072687587406}]}