{"solution":[{"iterations":35,"time":29.784124838,"k":6,"model":"PowerModels.GenericPowerModel{PowerModels.StandardDCPForm}","lines":[11,25,29,18,16,19],"load_shed":10.170000000000003,"cut":"DC","ac_load_shed":10.196535980070697},{"iterations":22,"time":16.025864283,"k":6,"model":"PowerModels.GenericPowerModel{PowerModels.SOCWRForm}","lines":[90,106,99,100,102,97],"load_shed":10.196535598055906,"cut":"DC","ac_load_shed":10.196535131183179},{"iterations":22,"time":17.215887545,"k":6,"model":"PowerModels.GenericPowerModel{PowerModels.SOCWRForm}","lines":[90,106,99,100,102,97],"load_shed":10.196535598055906,"cut":"AC","ac_load_shed":10.196535131183179}]}