{"solution":[{"iterations":128,"time":5712.526288055,"k":13,"model":"PowerModels.GenericPowerModel{PowerModels.StandardDCPForm}","lines":[11,25,90,96,86,94,7,21,102,19,51,22,97],"load_shed":20.339999999999993,"cut":"DC","ac_load_shed":20.8560128185911},{"iterations":66,"time":288.448082291,"k":13,"model":"PowerModels.GenericPowerModel{PowerModels.SOCWRForm}","lines":[11,25,29,90,106,52,99,100,21,102,19,22,97],"load_shed":21.152238633093,"cut":"DC","ac_load_shed":21.175356262532123},{"iterations":77,"time":370.552153825,"k":13,"model":"PowerModels.GenericPowerModel{PowerModels.SOCWRForm}","lines":[11,25,29,90,106,52,96,94,21,102,19,22,97],"load_shed":21.152239222251424,"cut":"AC","ac_load_shed":21.175357111526147}]}