{"solution":[{"iterations":30,"time":71.611511704,"k":5,"model":"PowerModels.GenericPowerModel{PowerModels.StandardDCPForm}","lines":[96,86,94,102,97],"load_shed":8.420000000000002,"cut":"DC","ac_load_shed":8.502482499477033},{"iterations":19,"time":34.635103697,"k":5,"model":"PowerModels.GenericPowerModel{PowerModels.SOCWRForm}","lines":[106,99,100,102,97],"load_shed":8.502482326061374,"cut":"DC","ac_load_shed":8.502482125116888},{"iterations":19,"time":35.583315686,"k":5,"model":"PowerModels.GenericPowerModel{PowerModels.SOCWRForm}","lines":[106,99,100,102,97],"load_shed":8.502482326061374,"cut":"AC","ac_load_shed":8.502482125116888}]}