{"solution":[{"iterations":39,"time":101.745549758,"k":10,"model":"PowerModels.GenericPowerModel{PowerModels.StandardDCPForm}","lines":[68,25,58,59,64,7,21,19,22,56],"load_shed":16.839999999999993,"cut":"DC","ac_load_shed":16.983264335258994},{"iterations":31,"time":35.138502432,"k":10,"model":"PowerModels.GenericPowerModel{PowerModels.SOCWRForm}","lines":[25,29,106,99,100,21,102,19,22,97],"load_shed":17.00496411659249,"cut":"DC","ac_load_shed":17.004964977452754},{"iterations":36,"time":47.995210034,"k":10,"model":"PowerModels.GenericPowerModel{PowerModels.SOCWRForm}","lines":[25,29,86,99,100,21,102,19,22,97],"load_shed":17.00496408030159,"cut":"AC","ac_load_shed":17.004964977453227}]}