{"solution":[{"iterations":42,"time":633.099491179,"k":15,"model":"PowerModels.GenericPowerModel{PowerModels.StandardDCPForm}","lines":[25,29,59,106,18,96,64,94,61,48,16,62,102,19,97],"load_shed":25.259999999999994,"cut":"DC","ac_load_shed":25.4857474976959},{"iterations":28,"time":79.707792469,"k":15,"model":"PowerModels.GenericPowerModel{PowerModels.SOCWRForm}","lines":[68,25,29,59,106,64,99,61,100,62,21,102,19,22,97],"load_shed":25.485741164182052,"cut":"DC","ac_load_shed":25.485746570168924},{"iterations":38,"time":154.545188932,"k":15,"model":"PowerModels.GenericPowerModel{PowerModels.SOCWRForm}","lines":[68,25,29,58,59,18,96,64,86,94,16,102,19,56,97],"load_shed":25.485746323809042,"cut":"AC","ac_load_shed":25.485748115806846}]}