{"solution":[{"iterations":45,"time":1696.078734224,"k":16,"model":"PowerModels.GenericPowerModel{PowerModels.StandardDCPForm}","lines":[68,25,29,59,106,52,18,96,64,94,61,16,62,102,19,97],"load_shed":27.009999999999987,"cut":"DC","ac_load_shed":27.179603938214598},{"iterations":22,"time":114.74314171,"k":16,"model":"PowerModels.GenericPowerModel{PowerModels.SOCWRForm}","lines":[68,25,29,59,90,106,64,99,61,100,62,21,102,19,22,97],"load_shed":27.179798410679368,"cut":"DC","ac_load_shed":27.179799575080214},{"iterations":27,"time":159.704406464,"k":16,"model":"PowerModels.GenericPowerModel{PowerModels.SOCWRForm}","lines":[68,25,59,90,106,64,99,7,61,100,62,21,102,19,22,97],"load_shed":27.17979841590573,"cut":"AC","ac_load_shed":27.179799575077553}]}