{"solution":[{"iterations":61,"time":17276.968621202,"k":20,"model":"PowerModels.GenericPowerModel{PowerModels.StandardDCPForm}","lines":[68,25,59,90,52,18,96,64,94,105,115,7,104,61,16,62,107,19,116,97],"load_shed":32.32,"cut":"DC","ac_load_shed":32.43379820867863},{"iterations":28,"time":201.155239805,"k":20,"model":"PowerModels.GenericPowerModel{PowerModels.SOCWRForm}","lines":[68,25,29,59,90,52,18,64,99,105,115,104,61,100,16,62,107,19,116,97],"load_shed":32.43378371210828,"cut":"DC","ac_load_shed":32.43379153322777},{"iterations":34,"time":380.225536625,"k":20,"model":"PowerModels.GenericPowerModel{PowerModels.SOCWRForm}","lines":[68,25,59,90,52,64,99,105,115,7,104,61,100,62,107,21,19,22,116,97],"load_shed":32.4337836747618,"cut":"AC","ac_load_shed":32.433790974344376}]}