{"solution":[{"iterations":10,"time":3.521279695,"k":28,"model":"PowerModels.GenericPowerModel{PowerModels.StandardDCPForm}","lines":[18,32,2,16,11,21,9,29,34,35,17,22,6,24,4,37,3,28,5,38,20,23,13,31,27,36,15,33],"load_shed":32.14,"cut":"DC","ac_load_shed":32.14000008061637},{"iterations":6,"time":0.933709954,"k":28,"model":"PowerModels.GenericPowerModel{PowerModels.SOCWRForm}","lines":[18,32,2,16,11,21,7,25,10,26,29,34,35,19,22,24,4,37,3,28,5,38,20,23,31,36,15,33],"load_shed":32.13999995528965,"cut":"DC","ac_load_shed":32.14000008061548},{"iterations":17,"time":0.783469829,"k":28,"model":"PowerModels.GenericPowerModel{PowerModels.SOCWRForm}","lines":[18,1,32,2,16,11,21,7,25,26,29,34,35,19,17,24,4,37,3,5,38,23,31,27,36,15,33,30],"load_shed":32.13999903860398,"cut":"AC","ac_load_shed":32.14000008061939}]}