{"solution":[{"iterations":99,"time":382.334383533,"k":9,"model":"PowerModels.GenericPowerModel{PowerModels.StandardDCPForm}","lines":[25,106,99,100,21,102,19,22,97],"load_shed":25.902864756499962,"cut":"DC","ac_load_shed":29.451513079990416},{"iterations":597,"time":3876.763643251,"k":9,"model":"PowerModels.GenericPowerModel{PowerModels.SOCWRForm}","lines":[25,106,18,96,94,16,102,19,97],"load_shed":28.963078508888643,"cut":"DC","ac_load_shed":29.459169068421232},{"iterations":628,"time":4239.23278542,"k":9,"model":"PowerModels.GenericPowerModel{PowerModels.SOCWRForm}","lines":[25,106,18,99,100,16,102,19,97],"load_shed":28.96318964167912,"cut":"AC","ac_load_shed":29.452817583743858}]}