{"solution":[{"iterations":15,"time":3.723433526,"k":16,"model":"PowerModels.GenericPowerModel{PowerModels.StandardDCPForm}","lines":[18,32,2,11,21,29,4,37,3,5,20,23,27,36,33,30],"load_shed":32.14,"cut":"DC","ac_load_shed":32.13999979157933},{"iterations":11,"time":1.986345785,"k":16,"model":"PowerModels.GenericPowerModel{PowerModels.SOCWRForm}","lines":[18,32,2,11,29,17,4,37,3,5,23,27,36,15,33,30],"load_shed":32.13999992662788,"cut":"DC","ac_load_shed":32.14000008064994},{"iterations":11,"time":2.611297981,"k":16,"model":"PowerModels.GenericPowerModel{PowerModels.SOCWRForm}","lines":[18,32,2,11,29,17,4,37,3,5,23,27,36,15,33,30],"load_shed":32.13999992662788,"cut":"AC","ac_load_shed":32.14000008064994}]}