{"solution":[{"iterations":17,"time":3.806535948,"k":27,"model":"PowerModels.GenericPowerModel{PowerModels.StandardDCPForm}","lines":[18,32,2,16,11,21,9,25,10,29,34,35,17,6,24,4,37,3,5,38,20,23,27,36,15,33,30],"load_shed":32.14,"cut":"DC","ac_load_shed":32.14000008061535},{"iterations":6,"time":0.969481443,"k":27,"model":"PowerModels.GenericPowerModel{PowerModels.SOCWRForm}","lines":[18,32,2,16,11,21,7,25,26,29,34,19,8,22,24,4,37,3,28,5,38,20,23,36,15,33,30],"load_shed":32.13999981883909,"cut":"DC","ac_load_shed":32.140000080619146},{"iterations":64,"time":4.649279242,"k":27,"model":"PowerModels.GenericPowerModel{PowerModels.SOCWRForm}","lines":[18,12,32,2,16,11,21,7,9,26,29,19,17,24,4,37,3,28,5,38,23,13,14,31,36,15,33],"load_shed":32.13999995981721,"cut":"AC","ac_load_shed":32.14000008062019}]}