{"solution":[{"iterations":29,"time":15.206062704,"k":17,"model":"PowerModels.GenericPowerModel{PowerModels.StandardDCPForm}","lines":[18,32,2,11,21,7,9,29,4,37,3,5,20,23,36,33,30],"load_shed":32.14,"cut":"DC","ac_load_shed":32.13999977975145},{"iterations":13,"time":4.111983037,"k":17,"model":"PowerModels.GenericPowerModel{PowerModels.SOCWRForm}","lines":[18,32,2,11,21,29,22,4,37,3,5,20,23,27,36,33,30],"load_shed":32.13999987630756,"cut":"DC","ac_load_shed":32.139999780539405},{"iterations":24,"time":5.175434242,"k":17,"model":"PowerModels.GenericPowerModel{PowerModels.SOCWRForm}","lines":[18,32,2,11,29,17,4,37,3,28,5,23,31,27,36,15,33],"load_shed":32.13999971278884,"cut":"AC","ac_load_shed":32.13999979157932}]}