{"solution":[{"iterations":87,"time":179.307903868,"k":8,"model":"PowerModels.GenericPowerModel{PowerModels.StandardDCPForm}","lines":[25,59,90,64,61,102,19,97],"load_shed":15.091078739397076,"cut":"DC","ac_load_shed":14.867730648094652},{"iterations":262,"time":817.816737887,"k":8,"model":"PowerModels.GenericPowerModel{PowerModels.SOCWRForm}","lines":[25,59,52,64,61,102,19,97],"load_shed":14.953745311712883,"cut":"DC","ac_load_shed":14.89847214684869},{"iterations":247,"time":698.271146301,"k":8,"model":"PowerModels.GenericPowerModel{PowerModels.SOCWRForm}","lines":[25,59,64,61,21,102,19,97],"load_shed":14.968263577740315,"cut":"AC","ac_load_shed":14.92471123649615}]}