{"solution":[{"iterations":10,"time":1.801265857,"k":5,"model":"PowerModels.GenericPowerModel{PowerModels.StandardDCPForm}","lines":[18,21,20,23,27],"load_shed":8.420000000000005,"cut":"DC","ac_load_shed":8.498835440165475},{"iterations":7,"time":0.566983353,"k":5,"model":"PowerModels.GenericPowerModel{PowerModels.SOCWRForm}","lines":[18,21,20,23,27],"load_shed":8.503262754079069,"cut":"DC","ac_load_shed":8.498835440165475}]}