{"solution":[{"iterations":144,"time":20070.274625489,"k":20,"model":"PowerModels.GenericPowerModel{PowerModels.StandardDCPForm}","lines":[39,58,59,90,52,64,86,99,30,38,48,100,21,102,19,22,28,27,56,97],"load_shed":32.32,"cut":"DC","ac_load_shed":32.433754212670664},{"iterations":144,"time":4935.445584452,"k":20,"model":"PowerModels.GenericPowerModel{PowerModels.SOCWRForm}","lines":[68,25,59,90,52,18,96,64,94,105,115,7,104,61,16,62,107,19,116,97],"load_shed":32.433792409993735,"cut":"DC","ac_load_shed":32.43379820867747},{"iterations":101,"time":2868.41956983,"k":20,"model":"PowerModels.GenericPowerModel{PowerModels.SOCWRForm}","lines":[25,29,59,90,52,64,99,105,115,104,61,48,100,62,107,21,19,22,116,97],"load_shed":32.433784758040034,"cut":"AC","ac_load_shed":32.43379097434227}]}