{"solution":[{"iterations":9,"time":0.306810562,"k":32,"model":"PowerModels.GenericPowerModel{PowerModels.StandardDCPForm}","lines":[1,32,2,16,11,21,7,9,25,10,26,29,34,35,19,17,8,22,6,24,4,37,3,28,5,38,20,23,13,14,36,33],"load_shed":16.069999999999993,"cut":"DC","ac_load_shed":16.070000012265815},{"iterations":6,"time":0.147286854,"k":32,"model":"PowerModels.GenericPowerModel{PowerModels.SOCWRForm}","lines":[18,1,32,2,16,11,21,7,9,25,10,26,29,34,35,19,17,8,22,6,24,4,37,3,28,5,38,20,23,36,33,30],"load_shed":16.069999895609936,"cut":"DC","ac_load_shed":null},{"iterations":10,"time":0.250623015,"k":32,"model":"PowerModels.GenericPowerModel{PowerModels.SOCWRForm}","lines":[18,12,1,32,2,11,21,7,9,25,26,29,35,19,22,6,24,4,37,3,28,5,38,20,23,13,14,31,27,36,15,33],"load_shed":16.06999991595125,"cut":"AC","ac_load_shed":16.070000012261552}]}