{"solution":[{"iterations":28,"time":27.99045056,"k":11,"model":"PowerModels.GenericPowerModel{PowerModels.StandardDCPForm}","lines":[18,11,25,26,17,4,37,3,28,36,15],"load_shed":14.365141789688058,"cut":"DC","ac_load_shed":14.166373636038006},{"iterations":26,"time":22.624536423,"k":11,"model":"PowerModels.GenericPowerModel{PowerModels.SOCWRForm}","lines":[18,11,25,26,29,17,24,37,23,36,15],"load_shed":14.30620924313955,"cut":"DC","ac_load_shed":14.3062121504827},{"iterations":30,"time":26.847324607,"k":11,"model":"PowerModels.GenericPowerModel{PowerModels.SOCWRForm}","lines":[18,11,25,26,17,4,37,3,28,36,15],"load_shed":14.171459930105682,"cut":"AC","ac_load_shed":14.166373636038006}]}