{"solution":[{"iterations":28,"time":32.220576989,"k":3,"model":"PowerModels.GenericPowerModel{PowerModels.StandardDCPForm}","lines":[25,21,19],"load_shed":5.769354931746285,"cut":"DC","ac_load_shed":5.699963089584724},{"iterations":50,"time":71.333586845,"k":3,"model":"PowerModels.GenericPowerModel{PowerModels.SOCWRForm}","lines":[99,102,97],"load_shed":5.559977193725719,"cut":"DC","ac_load_shed":5.599124145512131},{"iterations":51,"time":83.309143345,"k":3,"model":"PowerModels.GenericPowerModel{PowerModels.SOCWRForm}","lines":[99,102,97],"load_shed":5.559977193725719,"cut":"AC","ac_load_shed":5.599124145512131}]}