{"solution":[{"iterations":18,"time":8.552010443,"k":16,"model":"PowerModels.GenericPowerModel{PowerModels.StandardDCPForm}","lines":[18,32,2,11,21,29,4,37,3,5,20,23,27,36,33,30],"load_shed":32.14,"cut":"DC","ac_load_shed":32.13999979157933},{"iterations":10,"time":2.865838334,"k":16,"model":"PowerModels.GenericPowerModel{PowerModels.SOCWRForm}","lines":[18,32,2,11,21,29,4,37,3,5,20,23,27,36,33,30],"load_shed":32.13999986682923,"cut":"DC","ac_load_shed":32.13999979157933},{"iterations":15,"time":3.108907324,"k":16,"model":"PowerModels.GenericPowerModel{PowerModels.SOCWRForm}","lines":[18,32,2,11,21,29,4,37,3,5,20,23,27,36,33,30],"load_shed":32.13999986682923,"cut":"AC","ac_load_shed":32.13999979157933}]}