{"solution":[{"iterations":39,"time":21.151129261,"k":15,"model":"PowerModels.GenericPowerModel{PowerModels.StandardDCPForm}","lines":[18,32,2,11,29,17,4,37,3,23,27,36,15,33,30],"load_shed":30.39,"cut":"DC","ac_load_shed":30.54961287349758},{"iterations":18,"time":4.714272182,"k":15,"model":"PowerModels.GenericPowerModel{PowerModels.SOCWRForm}","lines":[18,32,11,21,29,4,37,3,5,20,23,27,36,33,30],"load_shed":30.5777618724767,"cut":"DC","ac_load_shed":30.577763475490517},{"iterations":27,"time":8.428516098,"k":15,"model":"PowerModels.GenericPowerModel{PowerModels.SOCWRForm}","lines":[18,32,2,11,21,29,4,37,3,20,23,27,36,33,30],"load_shed":30.547578828209083,"cut":"AC","ac_load_shed":30.547583930014724}]}