{"solution":[{"iterations":47,"time":2938.276638281,"k":17,"model":"PowerModels.GenericPowerModel{PowerModels.StandardDCPForm}","lines":[68,25,59,90,52,18,64,86,99,7,61,100,16,62,102,19,97],"load_shed":28.75999999999999,"cut":"DC","ac_load_shed":28.873656569583094},{"iterations":21,"time":68.22434566,"k":17,"model":"PowerModels.GenericPowerModel{PowerModels.SOCWRForm}","lines":[68,25,29,58,59,90,106,52,64,99,100,21,102,19,22,56,97],"load_shed":28.873653679617313,"cut":"DC","ac_load_shed":28.873655923029148},{"iterations":18,"time":58.004607239,"k":17,"model":"PowerModels.GenericPowerModel{PowerModels.SOCWRForm}","lines":[68,25,29,59,90,52,64,86,99,61,100,62,21,102,19,22,97],"load_shed":28.873654572091873,"cut":"AC","ac_load_shed":28.873656010706018}]}