{"solution":[{"iterations":0,"time":0.088031219,"k":32,"model":"PowerModels.GenericPowerModel{PowerModels.StandardDCPForm}","lines":[18,12,1,32,2,16,11,21,7,9,29,35,19,22,6,24,4,37,3,28,5,38,20,23,13,14,31,27,36,15,33,30],"load_shed":32.14,"cut":"DC","ac_load_shed":null},{"iterations":5,"time":0.258530238,"k":32,"model":"PowerModels.GenericPowerModel{PowerModels.SOCWRForm}","lines":[18,12,1,32,2,16,11,21,7,9,29,35,19,22,6,24,4,37,3,28,5,38,20,23,13,14,31,27,36,15,33,30],"load_shed":32.13999999197675,"cut":"DC","ac_load_shed":null},{"iterations":12,"time":0.337312778,"k":32,"model":"PowerModels.GenericPowerModel{PowerModels.SOCWRForm}","lines":[18,12,1,32,2,16,11,21,7,9,29,35,19,22,6,24,4,37,3,28,5,38,20,23,13,14,31,27,36,15,33,30],"load_shed":32.13999999197675,"cut":"AC","ac_load_shed":null}]}