{"solution":[{"iterations":13,"time":3.160931188,"k":13,"model":"PowerModels.GenericPowerModel{PowerModels.StandardDCPForm}","lines":[18,2,11,21,7,29,4,37,3,5,20,23,36],"load_shed":28.904500000000002,"cut":"DC","ac_load_shed":28.904500048261557},{"iterations":13,"time":3.432217478,"k":13,"model":"PowerModels.GenericPowerModel{PowerModels.SOCWRForm}","lines":[18,2,11,21,7,29,4,37,3,5,20,23,36],"load_shed":28.90449999248034,"cut":"DC","ac_load_shed":28.904500048261557},{"iterations":17,"time":4.438225231,"k":13,"model":"PowerModels.GenericPowerModel{PowerModels.SOCWRForm}","lines":[18,2,11,21,7,29,4,37,3,5,20,23,36],"load_shed":28.90449999248034,"cut":"AC","ac_load_shed":28.904500048261557}]}