{"solution":[{"iterations":22,"time":8.773118768,"k":6,"model":"PowerModels.GenericPowerModel{PowerModels.StandardDCPForm}","lines":[31,33,96,9,183,38],"load_shed":8.374243186648282,"cut":"DC","ac_load_shed":8.731914999687199},{"iterations":22,"time":8.855238932,"k":6,"model":"PowerModels.GenericPowerModel{PowerModels.SOCWRForm}","lines":[31,33,96,9,183,38],"load_shed":7.849219410891146,"cut":"DC","ac_load_shed":8.731914999687199}]}