{"solution":[{"iterations":62,"time":41.718232924,"k":16,"model":"PowerModels.GenericPowerModel{PowerModels.StandardDCPForm}","lines":[18,12,2,11,25,26,29,17,24,4,37,3,5,23,36,15],"load_shed":16.069999999999993,"cut":"DC","ac_load_shed":16.06999987179222},{"iterations":25,"time":7.678575348,"k":16,"model":"PowerModels.GenericPowerModel{PowerModels.SOCWRForm}","lines":[18,1,2,11,25,26,29,17,24,4,37,3,5,23,36,15],"load_shed":16.069999124869884,"cut":"DC","ac_load_shed":16.06999984625009},{"iterations":25,"time":7.569385821,"k":16,"model":"PowerModels.GenericPowerModel{PowerModels.SOCWRForm}","lines":[18,1,2,11,25,26,29,17,24,4,37,3,5,23,36,15],"load_shed":16.069999124869884,"cut":"AC","ac_load_shed":16.06999984625009}]}