{"solution":[{"iterations":18,"time":9.852152015,"k":6,"model":"PowerModels.GenericPowerModel{PowerModels.StandardDCPForm}","lines":[7,31,108,96,38,183],"load_shed":10.746794982163822,"cut":"DC","ac_load_shed":10.180176684359452},{"iterations":16,"time":9.22842365,"k":6,"model":"PowerModels.GenericPowerModel{PowerModels.SOCWRForm}","lines":[9,31,116,96,38,183],"load_shed":10.018138319165,"cut":"DC","ac_load_shed":10.198594841703066}]}