{"solution":[{"iterations":28,"time":14.141665703,"k":15,"model":"PowerModels.GenericPowerModel{PowerModels.StandardDCPForm}","lines":[18,32,11,7,29,17,4,37,3,5,23,36,15,33,30],"load_shed":30.39,"cut":"DC","ac_load_shed":30.579807454272988},{"iterations":19,"time":4.587479459,"k":15,"model":"PowerModels.GenericPowerModel{PowerModels.SOCWRForm}","lines":[18,32,11,21,29,4,37,3,5,20,23,27,36,33,30],"load_shed":30.5777618724767,"cut":"DC","ac_load_shed":30.577763475490517},{"iterations":23,"time":5.518226353,"k":15,"model":"PowerModels.GenericPowerModel{PowerModels.SOCWRForm}","lines":[18,32,11,7,29,17,4,37,3,5,23,36,15,33,30],"load_shed":30.57980357525867,"cut":"AC","ac_load_shed":30.579807454272988}]}