{"solution":[{"iterations":8,"time":0.311437224,"k":32,"model":"PowerModels.GenericPowerModel{PowerModels.StandardDCPForm}","lines":[1,32,2,16,11,21,7,9,25,10,26,29,34,35,19,17,8,22,6,24,4,37,3,28,5,38,20,23,13,14,36,33],"load_shed":16.069999999999993,"cut":"DC","ac_load_shed":16.070000012265524},{"iterations":6,"time":0.157620758,"k":32,"model":"PowerModels.GenericPowerModel{PowerModels.SOCWRForm}","lines":[18,1,32,2,16,11,21,7,9,25,10,26,29,34,35,19,17,8,22,6,24,4,37,3,28,5,38,20,23,36,33,30],"load_shed":16.069999916343868,"cut":"DC","ac_load_shed":null},{"iterations":8,"time":0.212692845,"k":32,"model":"PowerModels.GenericPowerModel{PowerModels.SOCWRForm}","lines":[18,1,2,16,11,21,7,9,25,10,26,29,34,35,19,17,8,22,6,24,4,37,3,28,5,38,20,23,31,36,33,30],"load_shed":16.06999999586742,"cut":"AC","ac_load_shed":16.07000001226644}]}