{"solution":[{"iterations":58,"time":177.155767877,"k":10,"model":"PowerModels.GenericPowerModel{PowerModels.StandardDCPForm}","lines":[25,86,99,7,100,21,102,19,22,97],"load_shed":29.059300000000004,"cut":"DC","ac_load_shed":31.94680583661442},{"iterations":787,"time":10142.134531852,"k":10,"model":"PowerModels.GenericPowerModel{PowerModels.SOCWRForm}","lines":[25,59,18,96,64,94,16,102,19,97],"load_shed":31.4651727833431,"cut":"DC","ac_load_shed":32.18422253083356},{"iterations":786,"time":9236.423813012,"k":10,"model":"PowerModels.GenericPowerModel{PowerModels.SOCWRForm}","lines":[25,59,18,96,64,94,16,102,19,97],"load_shed":31.4651727833431,"cut":"AC","ac_load_shed":32.18422253083356}]}