{"solution":[{"iterations":10,"time":9.071445997,"k":5,"model":"PowerModels.GenericPowerModel{PowerModels.StandardDCPForm}","lines":[18,17,23,27,15],"load_shed":8.420000000000005,"cut":"DC","ac_load_shed":8.502091484722335},{"iterations":9,"time":6.592262091,"k":5,"model":"PowerModels.GenericPowerModel{PowerModels.SOCWRForm}","lines":[18,21,7,20,23],"load_shed":8.502090036566267,"cut":"DC","ac_load_shed":8.502091094564001},{"iterations":8,"time":8.320410869,"k":5,"model":"PowerModels.GenericPowerModel{PowerModels.SOCWRForm}","lines":[18,21,20,23,27],"load_shed":8.502090418905151,"cut":"AC","ac_load_shed":8.50209109456408}]}