{"solution":[{"iterations":9,"time":0.33030948,"k":29,"model":"PowerModels.GenericPowerModel{PowerModels.StandardDCPForm}","lines":[18,1,32,2,16,11,21,7,9,25,26,29,34,35,8,22,24,4,37,3,28,5,20,23,27,36,15,33,30],"load_shed":32.14,"cut":"DC","ac_load_shed":32.14000008061781},{"iterations":7,"time":0.193106423,"k":29,"model":"PowerModels.GenericPowerModel{PowerModels.SOCWRForm}","lines":[18,1,32,2,16,11,21,7,9,25,29,17,22,6,24,4,37,3,28,5,20,23,13,14,31,27,36,33,30],"load_shed":32.139999974819055,"cut":"DC","ac_load_shed":32.1400000806121},{"iterations":6,"time":0.170813244,"k":29,"model":"PowerModels.GenericPowerModel{PowerModels.SOCWRForm}","lines":[18,1,32,2,16,11,21,7,9,25,10,26,29,34,22,6,24,4,37,3,28,5,20,23,31,27,36,33,30],"load_shed":32.13999995298358,"cut":"AC","ac_load_shed":32.14000008061424}]}