{"solution":[{"iterations":62,"time":16.849438382,"k":22,"model":"PowerModels.GenericPowerModel{PowerModels.StandardDCPForm}","lines":[18,1,32,2,11,21,7,25,26,29,6,24,4,37,3,28,5,20,23,13,36,33],"load_shed":16.069999999999993,"cut":"DC","ac_load_shed":16.069999976194207},{"iterations":14,"time":2.379742033,"k":22,"model":"PowerModels.GenericPowerModel{PowerModels.SOCWRForm}","lines":[18,32,2,11,21,25,26,29,19,24,4,37,3,28,5,20,23,31,27,36,33,30],"load_shed":16.06999972102132,"cut":"DC","ac_load_shed":16.070000012265652},{"iterations":37,"time":8.981085357,"k":22,"model":"PowerModels.GenericPowerModel{PowerModels.SOCWRForm}","lines":[18,1,2,11,25,26,29,17,22,24,4,37,3,5,38,23,14,31,36,15,33,30],"load_shed":16.069999606693436,"cut":"AC","ac_load_shed":16.06999987179143}]}