{"solution":[{"iterations":13,"time":5.93157885,"k":10,"model":"PowerModels.GenericPowerModel{PowerModels.StandardDCPForm}","lines":[18,11,21,29,37,3,20,23,27,36],"load_shed":23.6545,"cut":"DC","ac_load_shed":24.375765718064933},{"iterations":46,"time":13.511479738,"k":10,"model":"PowerModels.GenericPowerModel{PowerModels.SOCWRForm}","lines":[18,11,7,29,17,4,37,23,36,15],"load_shed":24.1318245429713,"cut":"DC","ac_load_shed":24.36695203141814},{"iterations":41,"time":12.227460049,"k":10,"model":"PowerModels.GenericPowerModel{PowerModels.SOCWRForm}","lines":[18,11,29,17,37,3,23,27,36,15],"load_shed":24.191689202136708,"cut":"AC","ac_load_shed":24.380389072701618}]}