{"solution":[{"iterations":159,"time":564.938721117,"k":7,"model":"PowerModels.GenericPowerModel{PowerModels.StandardDCPForm}","lines":[58,57,106,99,100,102,97],"load_shed":18.840399999999995,"cut":"DC","ac_load_shed":22.345126408572227},{"iterations":472,"time":1917.928445301,"k":7,"model":"PowerModels.GenericPowerModel{PowerModels.SOCWRForm}","lines":[25,106,99,100,102,19,97],"load_shed":23.426629291175097,"cut":"DC","ac_load_shed":23.864622827375022},{"iterations":453,"time":1831.450044838,"k":7,"model":"PowerModels.GenericPowerModel{PowerModels.SOCWRForm}","lines":[25,106,99,100,102,19,97],"load_shed":23.426629291175097,"cut":"AC","ac_load_shed":23.864622827375022}]}