{"solution":[{"iterations":13,"time":10.854173328,"k":6,"model":"PowerModels.GenericPowerModel{PowerModels.StandardDCPForm}","lines":[18,11,21,7,20,23],"load_shed":15.969999999999999,"cut":"DC","ac_load_shed":17.015771815773753},{"iterations":36,"time":43.47228701,"k":6,"model":"PowerModels.GenericPowerModel{PowerModels.SOCWRForm}","lines":[18,11,7,17,23,15],"load_shed":16.617436074663654,"cut":"DC","ac_load_shed":17.015464394215442},{"iterations":43,"time":60.714609974,"k":6,"model":"PowerModels.GenericPowerModel{PowerModels.SOCWRForm}","lines":[18,11,17,23,27,15],"load_shed":16.617437622310238,"cut":"AC","ac_load_shed":17.015464396721413}]}