{"solution":[{"iterations":14,"time":1.127199308,"k":26,"model":"PowerModels.GenericPowerModel{PowerModels.StandardDCPForm}","lines":[18,1,32,2,11,21,7,25,10,26,29,17,8,22,24,4,37,3,28,5,20,23,36,15,33,30],"load_shed":32.14,"cut":"DC","ac_load_shed":32.14000008061731},{"iterations":15,"time":0.65756403,"k":26,"model":"PowerModels.GenericPowerModel{PowerModels.SOCWRForm}","lines":[18,1,32,2,11,21,7,9,25,26,29,22,6,4,37,3,5,38,20,23,14,27,36,15,33,30],"load_shed":32.13999996690393,"cut":"DC","ac_load_shed":32.14000008061864},{"iterations":54,"time":2.884875246,"k":26,"model":"PowerModels.GenericPowerModel{PowerModels.SOCWRForm}","lines":[18,1,32,2,11,21,7,9,25,26,29,34,35,6,4,37,3,5,38,20,23,13,27,36,33,30],"load_shed":32.13999979660695,"cut":"AC","ac_load_shed":32.1400000806077}]}