{"solution":[{"iterations":75,"time":24145.77507541,"k":19,"model":"PowerModels.GenericPowerModel{PowerModels.StandardDCPForm}","lines":[68,39,59,106,52,18,96,64,94,30,61,38,16,62,102,19,28,27,97],"load_shed":30.57,"cut":"DC","ac_load_shed":30.73970909297119},{"iterations":43,"time":665.246017656,"k":19,"model":"PowerModels.GenericPowerModel{PowerModels.SOCWRForm}","lines":[25,59,90,64,99,105,115,7,104,61,48,100,62,107,21,19,22,116,97],"load_shed":30.739928807678872,"cut":"DC","ac_load_shed":30.739934538655383},{"iterations":53,"time":619.617005019,"k":19,"model":"PowerModels.GenericPowerModel{PowerModels.SOCWRForm}","lines":[68,25,29,59,90,64,99,105,115,104,61,100,62,107,21,19,22,116,97],"load_shed":30.73992617693302,"cut":"AC","ac_load_shed":30.739934538660073}]}