{"solution":[{"iterations":3,"time":3.45080367,"k":30,"model":"PowerModels.GenericPowerModel{PowerModels.StandardDCPForm}","lines":[18,32,2,16,11,21,7,9,25,10,26,29,34,35,19,17,8,22,6,24,4,37,3,28,5,20,23,36,33,30],"load_shed":32.14,"cut":"DC","ac_load_shed":32.14000008061923},{"iterations":7,"time":0.940726928,"k":30,"model":"PowerModels.GenericPowerModel{PowerModels.SOCWRForm}","lines":[18,12,1,32,2,16,11,21,7,9,25,10,26,29,4,37,3,28,5,38,20,23,13,14,31,27,36,15,33,30],"load_shed":32.13999999800191,"cut":"DC","ac_load_shed":32.140000080618705},{"iterations":5,"time":0.136369022,"k":30,"model":"PowerModels.GenericPowerModel{PowerModels.SOCWRForm}","lines":[18,12,1,32,2,16,11,21,7,9,25,10,26,29,4,37,3,28,5,38,20,23,13,14,31,27,36,15,33,30],"load_shed":32.13999999800191,"cut":"AC","ac_load_shed":32.140000080618705}]}