{"solution":[{"iterations":107,"time":490.805090656,"k":8,"model":"PowerModels.GenericPowerModel{PowerModels.StandardDCPForm}","lines":[25,20,90,106,99,100,102,97],"load_shed":12.109999999999992,"cut":"DC","ac_load_shed":12.1365351481012},{"iterations":141,"time":455.206149436,"k":8,"model":"PowerModels.GenericPowerModel{PowerModels.SOCWRForm}","lines":[25,20,90,106,99,100,102,97],"load_shed":12.136535639336692,"cut":"DC","ac_load_shed":12.1365351481012},{"iterations":160,"time":540.676697259,"k":8,"model":"PowerModels.GenericPowerModel{PowerModels.SOCWRForm}","lines":[11,25,29,18,64,60,16,19],"load_shed":12.136536374447818,"cut":"AC","ac_load_shed":12.136535996967012}]}