{"solution":[{"iterations":30,"time":10.781614189,"k":20,"model":"PowerModels.GenericPowerModel{PowerModels.StandardDCPForm}","lines":[18,12,1,32,2,11,21,29,24,4,37,3,5,38,20,23,27,36,33,30],"load_shed":32.14,"cut":"DC","ac_load_shed":32.14000008063661},{"iterations":32,"time":8.054426618,"k":20,"model":"PowerModels.GenericPowerModel{PowerModels.SOCWRForm}","lines":[18,32,2,11,7,26,29,19,17,4,37,3,5,38,23,27,36,15,33,30],"load_shed":32.139999891453485,"cut":"DC","ac_load_shed":32.13999979161444},{"iterations":109,"time":41.952804082,"k":20,"model":"PowerModels.GenericPowerModel{PowerModels.SOCWRForm}","lines":[18,1,32,2,11,29,17,22,24,4,37,3,28,5,23,27,36,15,33,30],"load_shed":32.13999990658168,"cut":"AC","ac_load_shed":32.13999978040164}]}