{"solution":[{"iterations":38,"time":11.311659007,"k":3,"model":"PowerModels.GenericPowerModel{PowerModels.StandardDCPForm}","lines":[183,51,8],"load_shed":3.193707474599539,"cut":"DC","ac_load_shed":3.3236419496127363},{"iterations":91,"time":40.781336499,"k":3,"model":"PowerModels.GenericPowerModel{PowerModels.SOCWRForm}","lines":[125,183,121],"load_shed":2.9400001206370088,"cut":"DC","ac_load_shed":2.9399998457687344}]}