{"solution":[{"iterations":44,"time":220.545066254,"k":11,"model":"PowerModels.GenericPowerModel{PowerModels.StandardDCPForm}","lines":[68,25,59,52,64,7,61,62,21,19,22],"load_shed":18.589999999999993,"cut":"DC","ac_load_shed":18.67712015255584},{"iterations":37,"time":71.243055584,"k":11,"model":"PowerModels.GenericPowerModel{PowerModels.SOCWRForm}","lines":[11,25,106,18,96,94,7,16,102,19,97],"load_shed":18.699017996329317,"cut":"DC","ac_load_shed":18.699019206702243},{"iterations":41,"time":96.143403802,"k":11,"model":"PowerModels.GenericPowerModel{PowerModels.SOCWRForm}","lines":[25,29,90,106,96,94,21,102,19,22,97],"load_shed":18.699018342841477,"cut":"AC","ac_load_shed":18.69901883268951}]}