{"solution":[{"iterations":90,"time":198.528978836,"k":11,"model":"PowerModels.GenericPowerModel{PowerModels.StandardDCPForm}","lines":[25,59,90,52,64,99,61,21,102,19,97],"load_shed":20.321382322884624,"cut":"DC","ac_load_shed":19.96926649268206},{"iterations":299,"time":2087.533559856,"k":11,"model":"PowerModels.GenericPowerModel{PowerModels.SOCWRForm}","lines":[25,59,90,52,64,99,61,21,102,19,97],"load_shed":20.002152362418272,"cut":"DC","ac_load_shed":19.96926649268206},{"iterations":219,"time":926.383381964,"k":11,"model":"PowerModels.GenericPowerModel{PowerModels.SOCWRForm}","lines":[25,59,90,52,64,99,61,21,102,19,97],"load_shed":20.002152362418272,"cut":"AC","ac_load_shed":19.96926649268206}]}