{"solution":[{"iterations":105,"time":3956.768023933,"k":14,"model":"PowerModels.GenericPowerModel{PowerModels.StandardDCPForm}","lines":[11,25,29,90,64,86,99,60,100,21,102,19,22,97],"load_shed":22.279999999999994,"cut":"DC","ac_load_shed":22.333071006584078},{"iterations":114,"time":1650.997817645,"k":14,"model":"PowerModels.GenericPowerModel{PowerModels.SOCWRForm}","lines":[11,25,90,106,96,64,94,7,60,21,102,19,22,97],"load_shed":22.333071654459765,"cut":"DC","ac_load_shed":22.333071855346574},{"iterations":159,"time":2171.299365091,"k":14,"model":"PowerModels.GenericPowerModel{PowerModels.SOCWRForm}","lines":[11,25,29,90,96,64,86,94,60,21,102,19,22,97],"load_shed":22.333070745782702,"cut":"AC","ac_load_shed":22.333071855641798}]}