{"solution":[{"iterations":14,"time":7.254730867,"k":13,"model":"PowerModels.GenericPowerModel{PowerModels.StandardDCPForm}","lines":[18,2,11,21,29,4,37,3,5,20,23,27,36],"load_shed":28.904500000000002,"cut":"DC","ac_load_shed":28.90449974804664},{"iterations":18,"time":5.064972914,"k":13,"model":"PowerModels.GenericPowerModel{PowerModels.SOCWRForm}","lines":[18,2,11,21,29,4,37,3,5,20,23,27,36],"load_shed":28.904499993318048,"cut":"DC","ac_load_shed":28.90449974804664},{"iterations":16,"time":3.432963071,"k":13,"model":"PowerModels.GenericPowerModel{PowerModels.SOCWRForm}","lines":[18,2,11,21,29,4,37,3,5,20,23,27,36],"load_shed":28.904499993318048,"cut":"AC","ac_load_shed":28.90449974804664}]}