{"solution":[{"iterations":82,"time":70.37910995,"k":21,"model":"PowerModels.GenericPowerModel{PowerModels.StandardDCPForm}","lines":[18,2,11,21,9,25,26,29,8,22,6,24,4,37,3,28,5,20,23,36,15],"load_shed":16.069999999999993,"cut":"DC","ac_load_shed":16.069999995511058},{"iterations":29,"time":22.818130912,"k":21,"model":"PowerModels.GenericPowerModel{PowerModels.SOCWRForm}","lines":[18,32,2,11,21,25,26,29,24,4,37,3,28,5,20,23,14,27,36,15,33],"load_shed":16.06999996588351,"cut":"DC","ac_load_shed":16.069999861770537},{"iterations":45,"time":36.813968843,"k":21,"model":"PowerModels.GenericPowerModel{PowerModels.SOCWRForm}","lines":[18,12,32,2,11,21,25,26,29,17,24,4,37,3,5,38,20,23,36,33,30],"load_shed":16.06999953013539,"cut":"AC","ac_load_shed":16.069999871791982}]}