{"solution":[{"iterations":120,"time":284.065804721,"k":7,"model":"PowerModels.GenericPowerModel{PowerModels.StandardDCPForm}","lines":[25,29,98,21,102,19,22],"load_shed":10.359999999999967,"cut":"DC","ac_load_shed":10.442482142019006},{"iterations":69,"time":81.882201429,"k":7,"model":"PowerModels.GenericPowerModel{PowerModels.SOCWRForm}","lines":[11,25,29,90,18,16,19],"load_shed":11.044740033552555,"cut":"DC","ac_load_shed":11.06915078275079},{"iterations":85,"time":103.361153767,"k":7,"model":"PowerModels.GenericPowerModel{PowerModels.SOCWRForm}","lines":[11,25,90,18,7,16,19],"load_shed":11.044740012258217,"cut":"AC","ac_load_shed":11.069150782750828}]}