{"solution":[{"iterations":103,"time":885.568720495,"k":16,"model":"PowerModels.GenericPowerModel{PowerModels.StandardDCPForm}","lines":[25,58,59,90,106,52,18,64,99,7,48,16,102,19,56,97],"load_shed":27.464802224555605,"cut":"DC","ac_load_shed":27.46570348207553},{"iterations":98,"time":800.384087346,"k":16,"model":"PowerModels.GenericPowerModel{PowerModels.SOCWRForm}","lines":[68,25,59,90,106,52,64,99,7,61,100,21,102,19,22,97],"load_shed":27.473060459380367,"cut":"DC","ac_load_shed":27.465820200517133},{"iterations":93,"time":844.534824194,"k":16,"model":"PowerModels.GenericPowerModel{PowerModels.SOCWRForm}","lines":[68,25,29,59,90,106,52,64,99,61,62,21,102,19,22,97],"load_shed":27.472948778215304,"cut":"AC","ac_load_shed":27.46570301088631}]}