{"solution":[{"iterations":44,"time":18.655975537,"k":15,"model":"PowerModels.GenericPowerModel{PowerModels.StandardDCPForm}","lines":[18,2,11,25,26,29,17,24,4,37,3,5,23,36,15],"load_shed":16.069999999999993,"cut":"DC","ac_load_shed":16.06999984625009},{"iterations":20,"time":4.327227516,"k":15,"model":"PowerModels.GenericPowerModel{PowerModels.SOCWRForm}","lines":[18,2,11,21,25,26,29,24,4,37,3,5,20,23,36],"load_shed":16.0699993053019,"cut":"DC","ac_load_shed":16.06999987175581},{"iterations":19,"time":5.147475375,"k":15,"model":"PowerModels.GenericPowerModel{PowerModels.SOCWRForm}","lines":[18,2,11,25,26,29,17,24,4,37,3,5,23,36,15],"load_shed":16.069999728552737,"cut":"AC","ac_load_shed":16.06999984625009}]}