{"solution":[{"iterations":21,"time":8.955391044,"k":7,"model":"PowerModels.GenericPowerModel{PowerModels.StandardDCPForm}","lines":[31,96,183,38,108,7,116],"load_shed":11.799075495990605,"cut":"DC","ac_load_shed":11.412499232214316},{"iterations":13,"time":5.750055596,"k":7,"model":"PowerModels.GenericPowerModel{PowerModels.SOCWRForm}","lines":[31,96,9,183,38,108,116],"load_shed":11.240240816416385,"cut":"DC","ac_load_shed":11.413308105693226}]}