{"solution":[{"iterations":46,"time":21.705567371,"k":14,"model":"PowerModels.GenericPowerModel{PowerModels.StandardDCPForm}","lines":[18,11,25,26,29,17,24,4,37,3,5,23,36,15],"load_shed":15.520021220728703,"cut":"DC","ac_load_shed":15.424309359131332},{"iterations":17,"time":3.757621731,"k":14,"model":"PowerModels.GenericPowerModel{PowerModels.SOCWRForm}","lines":[18,2,11,21,25,26,4,37,3,28,5,20,31,36],"load_shed":15.520280467043381,"cut":"DC","ac_load_shed":15.520281566608592},{"iterations":21,"time":5.857418588,"k":14,"model":"PowerModels.GenericPowerModel{PowerModels.SOCWRForm}","lines":[18,1,2,11,21,25,26,4,37,3,28,5,20,36],"load_shed":15.520279687478437,"cut":"AC","ac_load_shed":15.520281566608592}]}