{"solution":[{"iterations":14,"time":8.120681659,"k":5,"model":"PowerModels.GenericPowerModel{PowerModels.StandardDCPForm}","lines":[18,21,7,20,23],"load_shed":14.219999999999999,"cut":"DC","ac_load_shed":15.31036093619412},{"iterations":22,"time":6.190548734,"k":5,"model":"PowerModels.GenericPowerModel{PowerModels.SOCWRForm}","lines":[18,17,23,27,15],"load_shed":14.947404119215825,"cut":"DC","ac_load_shed":15.310164114652249},{"iterations":19,"time":4.271816352,"k":5,"model":"PowerModels.GenericPowerModel{PowerModels.SOCWRForm}","lines":[18,17,23,27,15],"load_shed":14.947404119215825,"cut":"AC","ac_load_shed":15.310164114652249}]}