{"solution":[{"iterations":135,"time":1769.297851637,"k":11,"model":"PowerModels.GenericPowerModel{PowerModels.StandardDCPForm}","lines":[2,25,96,86,94,7,21,102,19,22,97],"load_shed":30.8093,"cut":"DC","ac_load_shed":33.18374338931406},{"iterations":712,"time":12443.552251294,"k":11,"model":"PowerModels.GenericPowerModel{PowerModels.SOCWRForm}","lines":[25,59,106,18,64,99,100,16,102,19,97],"load_shed":34.220530541381976,"cut":"DC","ac_load_shed":34.86519584254145},{"iterations":710,"time":11178.857925408,"k":11,"model":"PowerModels.GenericPowerModel{PowerModels.SOCWRForm}","lines":[25,59,18,64,86,99,100,16,102,19,97],"load_shed":34.220531558571906,"cut":"AC","ac_load_shed":34.86519584254145}]}