{"solution":[{"iterations":37,"time":0.7964935,"k":24,"model":"PowerModels.GenericPowerModel{PowerModels.StandardDCPForm}","lines":[18,32,2,11,7,9,25,26,29,34,35,19,17,24,4,37,3,28,5,20,23,36,15,33],"load_shed":16.069999999999993,"cut":"DC","ac_load_shed":16.069999993106457},{"iterations":3,"time":0.10607169,"k":24,"model":"PowerModels.GenericPowerModel{PowerModels.SOCWRForm}","lines":[18,1,32,2,11,21,25,26,29,34,35,22,24,4,37,3,28,5,38,20,23,36,33,30],"load_shed":16.069998719429478,"cut":"DC","ac_load_shed":16.069999902686686},{"iterations":161,"time":119.403490645,"k":24,"model":"PowerModels.GenericPowerModel{PowerModels.SOCWRForm}","lines":[18,32,2,11,21,7,25,26,29,8,22,6,24,4,37,3,5,38,20,23,31,27,36,33],"load_shed":16.069999998718604,"cut":"AC","ac_load_shed":16.070000012264043}]}