{"solution":[{"iterations":2,"time":0.238294153,"k":33,"model":"PowerModels.GenericPowerModel{PowerModels.StandardDCPForm}","lines":[18,1,32,2,16,11,21,7,9,25,10,26,29,34,35,19,17,8,22,6,24,4,37,3,28,5,38,20,23,13,36,33,30],"load_shed":16.069999999999993,"cut":"DC","ac_load_shed":null},{"iterations":7,"time":0.176709879,"k":33,"model":"PowerModels.GenericPowerModel{PowerModels.SOCWRForm}","lines":[18,1,32,2,16,11,21,7,9,25,10,26,29,34,35,19,17,8,22,6,24,4,37,3,28,5,38,20,23,13,36,33,30],"load_shed":16.069999960714313,"cut":"DC","ac_load_shed":null},{"iterations":8,"time":0.197916683,"k":33,"model":"PowerModels.GenericPowerModel{PowerModels.SOCWRForm}","lines":[18,1,32,2,16,11,21,7,9,25,10,26,29,34,35,19,17,8,22,6,24,4,37,3,28,5,38,20,23,13,36,33,30],"load_shed":16.069999960714313,"cut":"AC","ac_load_shed":null}]}