{"solution":[{"iterations":18,"time":4.602893087,"k":25,"model":"PowerModels.GenericPowerModel{PowerModels.StandardDCPForm}","lines":[18,12,1,32,2,16,11,21,7,25,10,29,17,8,22,4,37,3,5,20,23,31,36,33,30],"load_shed":32.14,"cut":"DC","ac_load_shed":32.14000008061708},{"iterations":29,"time":3.192758036,"k":25,"model":"PowerModels.GenericPowerModel{PowerModels.SOCWRForm}","lines":[18,12,1,32,2,16,11,21,25,29,22,4,37,3,28,5,20,23,13,14,31,27,36,33,30],"load_shed":32.13999999241637,"cut":"DC","ac_load_shed":32.14000008061922},{"iterations":38,"time":3.911496293,"k":25,"model":"PowerModels.GenericPowerModel{PowerModels.SOCWRForm}","lines":[18,1,32,2,16,11,21,29,34,17,22,24,4,37,3,28,5,38,20,23,27,36,15,33,30],"load_shed":32.13999982342888,"cut":"AC","ac_load_shed":32.14000008061832}]}