{"solution":[{"iterations":15,"time":0.394001146,"k":26,"model":"PowerModels.GenericPowerModel{PowerModels.StandardDCPForm}","lines":[18,1,32,2,11,7,9,25,10,26,29,34,35,19,17,8,6,24,4,37,3,28,5,23,36,15],"load_shed":16.069999999999993,"cut":"DC","ac_load_shed":16.069999911624617},{"iterations":9,"time":0.322444676,"k":26,"model":"PowerModels.GenericPowerModel{PowerModels.SOCWRForm}","lines":[2,16,11,7,25,10,26,29,34,35,19,17,8,22,24,4,37,3,5,38,23,13,14,36,15,33],"load_shed":16.070000000058563,"cut":"DC","ac_load_shed":16.069999993106016},{"iterations":21,"time":1.761267312,"k":26,"model":"PowerModels.GenericPowerModel{PowerModels.SOCWRForm}","lines":[18,32,2,11,21,9,25,26,29,19,17,22,24,4,37,3,28,5,38,20,23,14,36,15,33,30],"load_shed":16.069999286479547,"cut":"AC","ac_load_shed":16.069999907279644}]}