{"solution":[{"iterations":116,"time":16691.556010218,"k":18,"model":"PowerModels.GenericPowerModel{PowerModels.StandardDCPForm}","lines":[25,29,58,59,90,106,52,64,99,75,48,100,21,102,19,22,56,97],"load_shed":28.759999999999987,"cut":"DC","ac_load_shed":28.873655923030242},{"iterations":84,"time":1544.385305076,"k":18,"model":"PowerModels.GenericPowerModel{PowerModels.SOCWRForm}","lines":[39,59,18,96,64,86,94,30,61,38,48,16,62,102,19,28,27,97],"load_shed":29.045847652816047,"cut":"DC","ac_load_shed":29.04585207027923},{"iterations":220,"time":8467.157968663,"k":18,"model":"PowerModels.GenericPowerModel{PowerModels.SOCWRForm}","lines":[39,59,106,18,64,99,30,61,38,48,100,16,62,102,19,28,27,97],"load_shed":29.045844825054658,"cut":"AC","ac_load_shed":29.0458516958934}]}