{"solution":[{"iterations":52,"time":40.03927597,"k":3,"model":"PowerModels.GenericPowerModel{PowerModels.StandardDCPForm}","lines":[96,102,97],"load_shed":7.3819104080264255,"cut":"DC","ac_load_shed":12.083008163050444},{"iterations":111,"time":87.71851279,"k":3,"model":"PowerModels.GenericPowerModel{PowerModels.SOCWRForm}","lines":[99,102,97],"load_shed":11.994791254929135,"cut":"DC","ac_load_shed":12.522537679563683},{"iterations":111,"time":94.730340372,"k":3,"model":"PowerModels.GenericPowerModel{PowerModels.SOCWRForm}","lines":[99,102,97],"load_shed":11.994791254929135,"cut":"AC","ac_load_shed":12.522537679563683}]}