{"solution":[{"iterations":8,"time":1.335510129,"k":6,"model":"PowerModels.GenericPowerModel{PowerModels.StandardDCPForm}","lines":[7,23,17,11,15,18],"load_shed":10.170000000000002,"cut":"DC","ac_load_shed":10.196349817456197},{"iterations":9,"time":1.305199222,"k":6,"model":"PowerModels.GenericPowerModel{PowerModels.SOCWRForm}","lines":[20,23,27,11,21,18],"load_shed":10.196348922508747,"cut":"DC","ac_load_shed":10.196349013460942}]}