{"solution":[{"iterations":135,"time":112.52594153,"k":19,"model":"PowerModels.GenericPowerModel{PowerModels.StandardDCPForm}","lines":[18,32,2,11,21,25,26,29,8,24,4,37,3,5,20,23,14,31,36],"load_shed":16.069999999999993,"cut":"DC","ac_load_shed":16.069999908836728},{"iterations":49,"time":14.235548491,"k":19,"model":"PowerModels.GenericPowerModel{PowerModels.SOCWRForm}","lines":[18,2,11,21,25,26,29,22,24,4,37,3,5,20,23,13,27,36,30],"load_shed":16.06999999273609,"cut":"DC","ac_load_shed":16.06999986177084},{"iterations":42,"time":11.560422464,"k":19,"model":"PowerModels.GenericPowerModel{PowerModels.SOCWRForm}","lines":[18,2,16,11,21,25,26,29,17,24,4,37,3,5,20,23,31,36,30],"load_shed":16.06999963315765,"cut":"AC","ac_load_shed":16.06999987179184}]}