{"solution":[{"iterations":39,"time":6.373357909,"k":23,"model":"PowerModels.GenericPowerModel{PowerModels.StandardDCPForm}","lines":[18,32,2,16,11,26,29,35,17,22,24,4,37,3,28,5,20,23,27,36,15,33,30],"load_shed":32.14,"cut":"DC","ac_load_shed":32.1400000694434},{"iterations":26,"time":4.039142406,"k":23,"model":"PowerModels.GenericPowerModel{PowerModels.SOCWRForm}","lines":[18,32,2,11,21,7,25,26,29,17,4,37,3,28,5,20,23,14,27,36,15,33,30],"load_shed":32.13999928117822,"cut":"DC","ac_load_shed":32.14000008061815},{"iterations":98,"time":27.08102927,"k":23,"model":"PowerModels.GenericPowerModel{PowerModels.SOCWRForm}","lines":[18,32,2,11,21,7,9,25,29,34,17,4,37,3,5,23,13,31,27,36,15,33,30],"load_shed":32.13999998995712,"cut":"AC","ac_load_shed":32.13999978056336}]}