{"solution":[{"iterations":18,"time":5.444723667,"k":11,"model":"PowerModels.GenericPowerModel{PowerModels.StandardDCPForm}","lines":[18,11,21,29,37,3,5,20,23,27,36],"load_shed":25.404500000000002,"cut":"DC","ac_load_shed":25.86812494219765},{"iterations":31,"time":8.839580801,"k":11,"model":"PowerModels.GenericPowerModel{PowerModels.SOCWRForm}","lines":[18,11,7,29,17,4,37,3,23,36,15],"load_shed":25.774117586912894,"cut":"DC","ac_load_shed":25.800872546407867},{"iterations":39,"time":10.813602689,"k":11,"model":"PowerModels.GenericPowerModel{PowerModels.SOCWRForm}","lines":[18,11,21,29,4,37,3,20,23,27,36],"load_shed":25.774136641621162,"cut":"AC","ac_load_shed":25.806460976235815}]}