{"solution":[{"iterations":74,"time":11.722361212,"k":23,"model":"PowerModels.GenericPowerModel{PowerModels.StandardDCPForm}","lines":[18,1,32,2,11,21,25,26,29,35,17,8,22,24,4,37,3,28,5,20,23,31,36],"load_shed":16.069999999999993,"cut":"DC","ac_load_shed":16.06999990883765},{"iterations":52,"time":11.733105366,"k":23,"model":"PowerModels.GenericPowerModel{PowerModels.SOCWRForm}","lines":[18,1,32,2,11,21,7,9,25,26,29,34,24,4,37,3,5,38,20,23,14,27,36],"load_shed":16.069999975812333,"cut":"DC","ac_load_shed":16.070000012263666},{"iterations":86,"time":23.910181939,"k":23,"model":"PowerModels.GenericPowerModel{PowerModels.SOCWRForm}","lines":[18,1,2,16,11,21,7,25,10,26,29,19,17,24,4,37,3,5,38,23,36,15,30],"load_shed":16.06999995641647,"cut":"AC","ac_load_shed":16.070000012266668}]}