{"solution":[{"iterations":30,"time":9.578024259,"k":4,"model":"PowerModels.GenericPowerModel{PowerModels.StandardDCPForm}","lines":[96,9,183,38],"load_shed":4.951848213375763,"cut":"DC","ac_load_shed":5.167329601237406},{"iterations":40,"time":15.548504233,"k":4,"model":"PowerModels.GenericPowerModel{PowerModels.SOCWRForm}","lines":[96,9,183,38],"load_shed":4.37647935166959,"cut":"DC","ac_load_shed":5.167329601237406}]}