{"solution":[{"iterations":25,"time":18.625541929,"k":17,"model":"PowerModels.GenericPowerModel{PowerModels.StandardDCPForm}","lines":[18,32,2,11,21,7,29,6,4,37,3,5,20,23,36,33,30],"load_shed":32.14,"cut":"DC","ac_load_shed":32.14000008061771},{"iterations":16,"time":11.647334081,"k":17,"model":"PowerModels.GenericPowerModel{PowerModels.SOCWRForm}","lines":[18,32,2,11,21,25,29,4,37,3,5,20,23,27,36,33,30],"load_shed":32.13999998475039,"cut":"DC","ac_load_shed":32.13999978052608},{"iterations":28,"time":21.272321919,"k":17,"model":"PowerModels.GenericPowerModel{PowerModels.SOCWRForm}","lines":[18,32,2,11,25,29,17,4,37,3,5,23,27,36,15,33,30],"load_shed":32.139999911164985,"cut":"AC","ac_load_shed":32.13999978040164}]}