{"solution":[{"iterations":9,"time":3.959804168,"k":26,"model":"PowerModels.GenericPowerModel{PowerModels.StandardDCPForm}","lines":[18,1,32,2,16,11,21,7,26,29,19,17,22,24,4,37,3,5,38,20,23,31,36,15,33,30],"load_shed":32.14,"cut":"DC","ac_load_shed":32.13999979159465},{"iterations":8,"time":1.331835375,"k":26,"model":"PowerModels.GenericPowerModel{PowerModels.SOCWRForm}","lines":[18,1,32,2,11,21,25,26,29,34,35,17,24,4,37,3,28,5,38,20,23,27,36,15,33,30],"load_shed":32.139999236484954,"cut":"DC","ac_load_shed":32.14000008061505},{"iterations":42,"time":2.194858035,"k":26,"model":"PowerModels.GenericPowerModel{PowerModels.SOCWRForm}","lines":[18,32,2,16,11,21,25,10,26,29,19,22,24,4,37,3,28,5,20,23,31,27,36,15,33,30],"load_shed":32.13999998856585,"cut":"AC","ac_load_shed":32.140000080619316}]}