{"solution":[{"iterations":17,"time":4.195962868,"k":9,"model":"PowerModels.GenericPowerModel{PowerModels.StandardDCPForm}","lines":[18,7,29,17,37,3,23,36,15],"load_shed":21.904499999999995,"cut":"DC","ac_load_shed":22.706266167922617},{"iterations":29,"time":8.071648926,"k":9,"model":"PowerModels.GenericPowerModel{PowerModels.SOCWRForm}","lines":[18,11,21,29,37,20,23,27,36],"load_shed":22.54726242955223,"cut":"DC","ac_load_shed":22.950271872603885},{"iterations":24,"time":5.683986418,"k":9,"model":"PowerModels.GenericPowerModel{PowerModels.SOCWRForm}","lines":[18,11,21,29,37,20,23,27,36],"load_shed":22.54726242955223,"cut":"AC","ac_load_shed":22.950271872603885}]}