{"solution":[{"iterations":18,"time":0.453944116,"k":27,"model":"PowerModels.GenericPowerModel{PowerModels.StandardDCPForm}","lines":[18,12,1,32,2,16,11,21,7,25,26,29,19,17,22,24,4,37,3,5,20,23,13,36,15,33,30],"load_shed":32.14,"cut":"DC","ac_load_shed":32.14000008061841},{"iterations":8,"time":0.272130708,"k":27,"model":"PowerModels.GenericPowerModel{PowerModels.SOCWRForm}","lines":[18,1,32,2,16,11,21,7,9,25,29,22,6,24,4,37,3,28,5,20,23,14,31,36,15,33,30],"load_shed":32.13999979393173,"cut":"DC","ac_load_shed":32.140000080617504},{"iterations":7,"time":0.477818252,"k":27,"model":"PowerModels.GenericPowerModel{PowerModels.SOCWRForm}","lines":[18,32,2,11,21,7,25,26,29,34,35,19,22,6,24,4,37,3,5,38,20,23,27,36,15,33,30],"load_shed":32.139999573366914,"cut":"AC","ac_load_shed":32.1400000806193}]}