{"solution":[{"iterations":105,"time":89.7995498,"k":18,"model":"PowerModels.GenericPowerModel{PowerModels.StandardDCPForm}","lines":[18,2,11,25,26,29,17,24,4,37,3,5,23,14,36,15,33,30],"load_shed":16.069999999999993,"cut":"DC","ac_load_shed":16.069999846243512},{"iterations":38,"time":11.786338627,"k":18,"model":"PowerModels.GenericPowerModel{PowerModels.SOCWRForm}","lines":[18,1,2,11,21,25,26,29,24,4,37,3,5,20,23,27,36,30],"load_shed":16.06999999009036,"cut":"DC","ac_load_shed":16.070000012263094},{"iterations":63,"time":21.23929661,"k":18,"model":"PowerModels.GenericPowerModel{PowerModels.SOCWRForm}","lines":[18,1,2,11,21,25,26,29,22,24,4,37,3,5,20,23,14,36],"load_shed":16.06999922024245,"cut":"AC","ac_load_shed":16.069999871795375}]}