{"solution":[{"iterations":11,"time":0.930580887,"k":4,"model":"PowerModels.GenericPowerModel{PowerModels.StandardDCPForm}","lines":[20,23,21,18],"load_shed":11.066677193392206,"cut":"DC","ac_load_shed":12.81254939929639},{"iterations":17,"time":2.170019347,"k":4,"model":"PowerModels.GenericPowerModel{PowerModels.SOCWRForm}","lines":[23,17,15,18],"load_shed":12.5745573517984,"cut":"DC","ac_load_shed":12.81370557835698}]}