{"solution":[{"iterations":96,"time":373.272138251,"k":9,"model":"PowerModels.GenericPowerModel{PowerModels.StandardDCPForm}","lines":[11,39,30,38,21,19,22,28,27],"load_shed":13.729999999999992,"cut":"DC","ac_load_shed":13.756670099431771},{"iterations":147,"time":443.631364375,"k":9,"model":"PowerModels.GenericPowerModel{PowerModels.SOCWRForm}","lines":[25,29,106,18,101,100,16,102,19],"load_shed":13.784418562364678,"cut":"DC","ac_load_shed":13.784488037809329},{"iterations":174,"time":546.015363267,"k":9,"model":"PowerModels.GenericPowerModel{PowerModels.SOCWRForm}","lines":[25,106,18,101,7,100,16,102,19],"load_shed":13.784419006388955,"cut":"AC","ac_load_shed":13.784488037809517}]}