{"solution":[{"iterations":7,"time":0.882032335,"k":25,"model":"PowerModels.GenericPowerModel{PowerModels.StandardDCPForm}","lines":[18,12,1,32,2,11,21,7,10,26,29,17,22,24,4,37,3,5,20,23,31,36,15,33,30],"load_shed":32.14,"cut":"DC","ac_load_shed":32.140000080618655},{"iterations":24,"time":4.646227613,"k":25,"model":"PowerModels.GenericPowerModel{PowerModels.SOCWRForm}","lines":[18,1,32,2,11,21,7,9,25,26,29,34,4,37,3,28,5,38,20,23,27,36,15,33,30],"load_shed":32.139999922478935,"cut":"DC","ac_load_shed":32.140000069444866},{"iterations":78,"time":36.098530648,"k":25,"model":"PowerModels.GenericPowerModel{PowerModels.SOCWRForm}","lines":[12,1,32,2,16,11,7,9,29,19,17,8,6,24,4,37,3,28,5,23,14,36,15,33,30],"load_shed":32.14000000042905,"cut":"AC","ac_load_shed":32.140000080166686}]}