{"solution":[{"iterations":30,"time":32.084275693,"k":13,"model":"PowerModels.GenericPowerModel{PowerModels.StandardDCPForm}","lines":[18,2,11,25,26,17,4,37,3,28,5,36,15],"load_shed":15.519999999999994,"cut":"DC","ac_load_shed":15.520281566503197},{"iterations":11,"time":7.788477407,"k":13,"model":"PowerModels.GenericPowerModel{PowerModels.SOCWRForm}","lines":[18,2,11,21,25,26,4,37,3,28,5,20,36],"load_shed":15.520281154258939,"cut":"DC","ac_load_shed":15.52028156660859},{"iterations":15,"time":12.466695344,"k":13,"model":"PowerModels.GenericPowerModel{PowerModels.SOCWRForm}","lines":[18,2,11,21,25,26,4,37,3,28,5,20,36],"load_shed":15.520281154258939,"cut":"AC","ac_load_shed":15.52028156660859}]}