{"solution":[{"iterations":26,"time":8.439681317,"k":12,"model":"PowerModels.GenericPowerModel{PowerModels.StandardDCPForm}","lines":[18,2,11,21,29,4,37,3,20,23,27,36],"load_shed":27.154500000000002,"cut":"DC","ac_load_shed":27.312083897659747},{"iterations":25,"time":6.036032613,"k":12,"model":"PowerModels.GenericPowerModel{PowerModels.SOCWRForm}","lines":[18,11,21,29,4,37,3,5,20,23,27,36],"load_shed":27.34226180350431,"cut":"DC","ac_load_shed":27.342263382864402},{"iterations":28,"time":8.041233075,"k":12,"model":"PowerModels.GenericPowerModel{PowerModels.SOCWRForm}","lines":[18,11,21,7,29,4,37,3,5,20,23,36],"load_shed":27.34226184165596,"cut":"AC","ac_load_shed":27.34226338379556}]}