{"solution":[{"iterations":10,"time":1.752016755,"k":5,"model":"PowerModels.GenericPowerModel{PowerModels.StandardDCPForm}","lines":[18,11,20,23,27],"load_shed":8.907992794809534,"cut":"DC","ac_load_shed":8.822300659489528},{"iterations":11,"time":3.962984818,"k":5,"model":"PowerModels.GenericPowerModel{PowerModels.SOCWRForm}","lines":[18,11,20,23,27],"load_shed":8.828978994418328,"cut":"DC","ac_load_shed":8.822300659489528},{"iterations":13,"time":3.033796914,"k":5,"model":"PowerModels.GenericPowerModel{PowerModels.SOCWRForm}","lines":[18,11,20,23,27],"load_shed":8.828978994418328,"cut":"AC","ac_load_shed":8.822300659489528}]}