{"solution":[{"iterations":113,"time":219.138917186,"k":15,"model":"PowerModels.GenericPowerModel{PowerModels.StandardDCPForm}","lines":[18,2,11,25,26,29,17,24,4,37,3,5,23,36,15],"load_shed":16.069999999999993,"cut":"DC","ac_load_shed":16.069999871792184},{"iterations":15,"time":4.098304972,"k":15,"model":"PowerModels.GenericPowerModel{PowerModels.SOCWRForm}","lines":[18,2,11,21,25,26,29,24,4,37,3,5,20,23,36],"load_shed":16.069999080741574,"cut":"DC","ac_load_shed":16.06999987179225},{"iterations":31,"time":9.489278435,"k":15,"model":"PowerModels.GenericPowerModel{PowerModels.SOCWRForm}","lines":[18,2,11,25,26,29,17,24,4,37,3,5,23,36,15],"load_shed":16.069999359158466,"cut":"AC","ac_load_shed":16.069999871792184}]}