{"solution":[{"iterations":172,"time":548.912016427,"k":17,"model":"PowerModels.GenericPowerModel{PowerModels.StandardDCPForm}","lines":[18,1,2,11,25,26,29,17,24,4,37,3,5,23,36,15,30],"load_shed":16.069999999999993,"cut":"DC","ac_load_shed":16.069999871787793},{"iterations":23,"time":5.671510907,"k":17,"model":"PowerModels.GenericPowerModel{PowerModels.SOCWRForm}","lines":[18,1,2,16,11,25,26,29,17,24,4,37,3,5,23,36,15],"load_shed":16.069998948152246,"cut":"DC","ac_load_shed":16.069999871790998},{"iterations":56,"time":21.426985253,"k":17,"model":"PowerModels.GenericPowerModel{PowerModels.SOCWRForm}","lines":[18,2,11,21,25,26,29,22,24,4,37,3,5,20,23,36,30],"load_shed":16.069999137712923,"cut":"AC","ac_load_shed":16.06999987179224}]}