{"solution":[{"iterations":30,"time":5.13535646,"k":10,"model":"PowerModels.GenericPowerModel{PowerModels.StandardDCPForm}","lines":[18,11,21,25,26,8,37,28,20,36],"load_shed":13.729999999999995,"cut":"DC","ac_load_shed":13.772010608446106},{"iterations":34,"time":5.255104039,"k":10,"model":"PowerModels.GenericPowerModel{PowerModels.SOCWRForm}","lines":[18,11,25,26,17,37,3,28,36,15],"load_shed":13.79502015422424,"cut":"DC","ac_load_shed":13.795781145608203}]}