{"solution":[{"iterations":2,"time":0.213316816,"k":34,"model":"PowerModels.GenericPowerModel{PowerModels.StandardDCPForm}","lines":[18,1,32,2,16,11,21,7,9,25,10,26,29,34,35,19,17,8,22,6,24,4,37,3,28,5,38,20,23,13,31,36,33,30],"load_shed":16.069999999999993,"cut":"DC","ac_load_shed":null},{"iterations":5,"time":0.116686552,"k":34,"model":"PowerModels.GenericPowerModel{PowerModels.SOCWRForm}","lines":[18,12,1,32,2,16,11,21,7,9,25,10,26,29,34,35,17,24,4,37,3,28,5,38,20,23,13,14,31,27,36,15,33,30],"load_shed":16.06999999995979,"cut":"DC","ac_load_shed":null},{"iterations":6,"time":0.137836993,"k":34,"model":"PowerModels.GenericPowerModel{PowerModels.SOCWRForm}","lines":[18,12,1,32,2,16,11,21,7,9,25,10,26,29,34,35,17,24,4,37,3,28,5,38,20,23,13,14,31,27,36,15,33,30],"load_shed":16.06999999995979,"cut":"AC","ac_load_shed":null}]}