{"solution":[{"iterations":6,"time":0.281699187,"k":31,"model":"PowerModels.GenericPowerModel{PowerModels.StandardDCPForm}","lines":[18,32,2,16,11,21,7,9,25,10,26,29,34,35,22,6,24,4,37,3,28,5,38,20,23,13,14,36,15,33,30],"load_shed":16.069999999999993,"cut":"DC","ac_load_shed":16.070000012265375},{"iterations":8,"time":0.219546707,"k":31,"model":"PowerModels.GenericPowerModel{PowerModels.SOCWRForm}","lines":[18,1,32,2,16,11,21,9,25,26,29,34,35,19,17,8,6,24,4,37,3,28,5,38,20,23,31,36,15,33,30],"load_shed":16.069999707595713,"cut":"DC","ac_load_shed":null},{"iterations":8,"time":0.221233097,"k":31,"model":"PowerModels.GenericPowerModel{PowerModels.SOCWRForm}","lines":[18,1,32,2,16,11,21,7,9,25,26,29,35,19,17,8,22,6,24,4,37,3,28,5,38,20,23,31,36,33,30],"load_shed":16.069999989213677,"cut":"AC","ac_load_shed":16.070000012261534}]}