{"solution":[{"iterations":13,"time":6.752498048,"k":4,"model":"PowerModels.GenericPowerModel{PowerModels.StandardDCPForm}","lines":[18,21,20,23],"load_shed":11.06667719339221,"cut":"DC","ac_load_shed":12.81254940323676},{"iterations":21,"time":5.403910361,"k":4,"model":"PowerModels.GenericPowerModel{PowerModels.SOCWRForm}","lines":[18,17,23,15],"load_shed":12.574554222766848,"cut":"DC","ac_load_shed":12.813705582277755},{"iterations":19,"time":4.185338144,"k":4,"model":"PowerModels.GenericPowerModel{PowerModels.SOCWRForm}","lines":[18,17,23,15],"load_shed":12.574554222766848,"cut":"AC","ac_load_shed":12.813705582277755}]}