{"solution":[{"iterations":65,"time":946.785246015,"k":14,"model":"PowerModels.GenericPowerModel{PowerModels.StandardDCPForm}","lines":[25,59,106,96,64,94,7,61,62,21,102,19,22,97],"load_shed":39.8284,"cut":"DC","ac_load_shed":42.644271817352276},{"iterations":887,"time":46341.65687631,"k":14,"model":"PowerModels.GenericPowerModel{PowerModels.SOCWRForm}","lines":[25,58,59,106,96,64,94,7,21,102,19,22,56,97],"load_shed":41.77976435972862,"cut":"DC","ac_load_shed":42.64422077500264},{"iterations":868,"time":41338.686419175,"k":14,"model":"PowerModels.GenericPowerModel{PowerModels.SOCWRForm}","lines":[25,58,59,106,64,99,7,100,21,102,19,22,56,97],"load_shed":41.77987447242658,"cut":"AC","ac_load_shed":42.63786929032575}]}