{"solution":[{"iterations":33,"time":29.940313656,"k":12,"model":"PowerModels.GenericPowerModel{PowerModels.StandardDCPForm}","lines":[18,11,21,25,26,4,37,3,28,5,20,36],"load_shed":14.970021220728698,"cut":"DC","ac_load_shed":14.874274384248753},{"iterations":14,"time":12.773625425,"k":12,"model":"PowerModels.GenericPowerModel{PowerModels.SOCWRForm}","lines":[18,11,25,26,17,4,37,3,28,5,36,15],"load_shed":14.876948905939145,"cut":"DC","ac_load_shed":14.87429620673824},{"iterations":20,"time":17.890812254,"k":12,"model":"PowerModels.GenericPowerModel{PowerModels.SOCWRForm}","lines":[18,11,21,25,26,4,37,3,28,5,20,36],"load_shed":14.87693249839434,"cut":"AC","ac_load_shed":14.874274384248753}]}