{"solution":[{"iterations":15,"time":6.364715313,"k":5,"model":"PowerModels.GenericPowerModel{PowerModels.StandardDCPForm}","lines":[31,96,183,38,7],"load_shed":9.903623390287624,"cut":"DC","ac_load_shed":9.45675870473686},{"iterations":13,"time":5.806194236,"k":5,"model":"PowerModels.GenericPowerModel{PowerModels.SOCWRForm}","lines":[31,96,9,183,38],"load_shed":8.970277408411258,"cut":"DC","ac_load_shed":9.457564858415813}]}