{"solution":[{"iterations":26,"time":1.725623611,"k":26,"model":"PowerModels.GenericPowerModel{PowerModels.StandardDCPForm}","lines":[18,12,1,32,2,11,21,7,9,25,26,29,8,22,6,24,4,37,3,5,38,20,23,27,36,15],"load_shed":16.069999999999993,"cut":"DC","ac_load_shed":16.070000012264416},{"iterations":7,"time":0.241639165,"k":26,"model":"PowerModels.GenericPowerModel{PowerModels.SOCWRForm}","lines":[18,1,32,2,11,21,7,9,25,26,29,34,35,24,4,37,3,28,5,38,20,23,36,15,33,30],"load_shed":16.069999993121346,"cut":"DC","ac_load_shed":16.06999996211755},{"iterations":16,"time":1.279941402,"k":26,"model":"PowerModels.GenericPowerModel{PowerModels.SOCWRForm}","lines":[18,12,1,32,2,11,21,9,25,26,29,8,22,24,4,37,3,5,38,20,23,13,31,36,15,30],"load_shed":16.06999942121216,"cut":"AC","ac_load_shed":16.069999930528105}]}