{"solution":[{"iterations":29,"time":24.328488023,"k":10,"model":"PowerModels.GenericPowerModel{PowerModels.StandardDCPForm}","lines":[31,33,96,9,183,38,118,177,108,116],"load_shed":14.184993166012138,"cut":"DC","ac_load_shed":13.95618318858707},{"iterations":20,"time":11.213755912,"k":10,"model":"PowerModels.GenericPowerModel{PowerModels.SOCWRForm}","lines":[31,33,96,120,183,38,118,108,7,116],"load_shed":13.907461571761516,"cut":"DC","ac_load_shed":14.017402005753073}]}