{"solution":[{"iterations":47,"time":30.427516451,"k":14,"model":"PowerModels.GenericPowerModel{PowerModels.StandardDCPForm}","lines":[18,1,2,11,21,29,4,37,3,5,20,23,27,36],"load_shed":28.904500000000002,"cut":"DC","ac_load_shed":28.904499759224322},{"iterations":44,"time":14.124451623,"k":14,"model":"PowerModels.GenericPowerModel{PowerModels.SOCWRForm}","lines":[18,32,11,21,7,29,4,37,3,20,23,36,33,30],"load_shed":29.009635234647483,"cut":"DC","ac_load_shed":29.041961041476384},{"iterations":41,"time":12.762606995,"k":14,"model":"PowerModels.GenericPowerModel{PowerModels.SOCWRForm}","lines":[18,32,11,21,29,4,37,3,20,23,27,36,33,30],"load_shed":29.009635666296248,"cut":"AC","ac_load_shed":29.041961043710028}]}