{"solution":[{"iterations":20,"time":10.063880421,"k":7,"model":"PowerModels.GenericPowerModel{PowerModels.StandardDCPForm}","lines":[31,33,96,30,9,183,38],"load_shed":9.557935737275011,"cut":"DC","ac_load_shed":9.822124137181106},{"iterations":18,"time":8.058702997,"k":7,"model":"PowerModels.GenericPowerModel{PowerModels.SOCWRForm}","lines":[31,33,96,30,9,183,38],"load_shed":9.408639236442244,"cut":"DC","ac_load_shed":9.822124137181106}]}