{"solution":[{"iterations":54,"time":183.184471621,"k":12,"model":"PowerModels.GenericPowerModel{PowerModels.StandardDCPForm}","lines":[25,59,90,52,64,99,7,61,21,102,19,97],"load_shed":21.83905710647869,"cut":"DC","ac_load_shed":21.524893367379754},{"iterations":183,"time":1136.792005612,"k":12,"model":"PowerModels.GenericPowerModel{PowerModels.SOCWRForm}","lines":[68,25,59,90,52,64,99,61,21,102,19,97],"load_shed":21.561413577757545,"cut":"DC","ac_load_shed":21.53299916506782},{"iterations":222,"time":1768.849271829,"k":12,"model":"PowerModels.GenericPowerModel{PowerModels.SOCWRForm}","lines":[68,25,59,90,52,64,99,61,21,102,19,97],"load_shed":21.561413577757545,"cut":"AC","ac_load_shed":21.53299916506782}]}