{"solution":[{"iterations":13,"time":4.233820828,"k":24,"model":"PowerModels.GenericPowerModel{PowerModels.StandardDCPForm}","lines":[18,1,32,2,11,21,29,35,17,8,22,6,24,4,37,3,5,38,20,23,27,36,33,30],"load_shed":32.14,"cut":"DC","ac_load_shed":32.14000008061453},{"iterations":29,"time":7.09054583,"k":24,"model":"PowerModels.GenericPowerModel{PowerModels.SOCWRForm}","lines":[18,1,32,2,16,11,10,29,35,19,17,22,24,4,37,3,5,38,23,27,36,15,33,30],"load_shed":32.13999994349539,"cut":"DC","ac_load_shed":32.139999791570936},{"iterations":15,"time":1.750668355,"k":24,"model":"PowerModels.GenericPowerModel{PowerModels.SOCWRForm}","lines":[18,1,32,2,11,21,9,25,26,29,17,24,4,37,3,28,5,38,23,31,27,36,15,33],"load_shed":32.13999973285743,"cut":"AC","ac_load_shed":32.140000080619004}]}