{"solution":[{"iterations":12,"time":1.026308791,"k":6,"model":"PowerModels.GenericPowerModel{PowerModels.StandardDCPForm}","lines":[7,20,23,11,21,18],"load_shed":10.170000000000002,"cut":"DC","ac_load_shed":10.196349013426191},{"iterations":11,"time":0.924046742,"k":6,"model":"PowerModels.GenericPowerModel{PowerModels.SOCWRForm}","lines":[7,20,23,11,21,18],"load_shed":10.196349526880159,"cut":"DC","ac_load_shed":10.196349013426191}]}