{"solution":[{"iterations":84,"time":82.840644648,"k":4,"model":"PowerModels.GenericPowerModel{PowerModels.StandardDCPForm}","lines":[106,101,100,102],"load_shed":5.160000000000002,"cut":"DC","ac_load_shed":5.2820048111935245},{"iterations":62,"time":54.412513191,"k":4,"model":"PowerModels.GenericPowerModel{PowerModels.SOCWRForm}","lines":[106,101,100,102],"load_shed":5.2819365903608215,"cut":"DC","ac_load_shed":5.2820048111935245},{"iterations":67,"time":61.86582976,"k":4,"model":"PowerModels.GenericPowerModel{PowerModels.SOCWRForm}","lines":[86,101,100,102],"load_shed":5.28193659030147,"cut":"AC","ac_load_shed":5.282004811192641}]}