{"solution":[{"iterations":99,"time":112.515342561,"k":14,"model":"PowerModels.GenericPowerModel{PowerModels.StandardDCPForm}","lines":[18,2,11,25,26,17,4,37,3,28,5,31,36,15],"load_shed":15.519999999999994,"cut":"DC","ac_load_shed":15.520281566503195},{"iterations":18,"time":5.523084561,"k":14,"model":"PowerModels.GenericPowerModel{PowerModels.SOCWRForm}","lines":[18,2,11,21,25,26,24,4,37,3,28,5,20,36],"load_shed":15.520527598335395,"cut":"DC","ac_load_shed":15.520528489113943},{"iterations":29,"time":7.563106887,"k":14,"model":"PowerModels.GenericPowerModel{PowerModels.SOCWRForm}","lines":[18,2,11,21,25,26,24,4,37,3,28,5,20,36],"load_shed":15.520527598335395,"cut":"AC","ac_load_shed":15.520528489113943}]}