{"solution":[{"iterations":165,"time":536.050202849,"k":16,"model":"PowerModels.GenericPowerModel{PowerModels.StandardDCPForm}","lines":[18,32,2,11,25,26,29,17,24,4,37,3,5,23,36,15],"load_shed":16.069999999999993,"cut":"DC","ac_load_shed":16.06999987179219},{"iterations":31,"time":8.001568959,"k":16,"model":"PowerModels.GenericPowerModel{PowerModels.SOCWRForm}","lines":[18,2,11,25,26,29,19,17,24,4,37,3,5,23,36,15],"load_shed":16.069999891571214,"cut":"DC","ac_load_shed":16.069999845789795},{"iterations":49,"time":17.009893149,"k":16,"model":"PowerModels.GenericPowerModel{PowerModels.SOCWRForm}","lines":[18,2,11,25,26,29,17,24,4,37,3,5,23,31,36,15],"load_shed":16.069999254975613,"cut":"AC","ac_load_shed":16.06999987179556}]}