{"solution":[{"iterations":21,"time":9.720386531,"k":12,"model":"PowerModels.GenericPowerModel{PowerModels.StandardDCPForm}","lines":[18,11,7,29,17,4,37,3,5,23,36,15],"load_shed":27.154500000000002,"cut":"DC","ac_load_shed":27.344307423243364},{"iterations":22,"time":6.343914941,"k":12,"model":"PowerModels.GenericPowerModel{PowerModels.SOCWRForm}","lines":[18,11,29,17,4,37,3,5,23,27,36,15],"load_shed":27.34430327736838,"cut":"DC","ac_load_shed":27.344307421917},{"iterations":27,"time":8.601835669,"k":12,"model":"PowerModels.GenericPowerModel{PowerModels.SOCWRForm}","lines":[18,2,11,21,29,4,37,3,20,23,27,36],"load_shed":27.31207870016877,"cut":"AC","ac_load_shed":27.312083897659747}]}