{"solution":[{"iterations":23,"time":8.323672179,"k":5,"model":"PowerModels.GenericPowerModel{PowerModels.StandardDCPForm}","lines":[33,96,9,183,38],"load_shed":6.830554849885208,"cut":"DC","ac_load_shed":7.010304845872431},{"iterations":34,"time":13.134923963,"k":5,"model":"PowerModels.GenericPowerModel{PowerModels.SOCWRForm}","lines":[31,96,9,183,38],"load_shed":6.118226106181908,"cut":"DC","ac_load_shed":6.773297969741515}]}