{"solution":[{"iterations":111,"time":320.160706028,"k":10,"model":"PowerModels.GenericPowerModel{PowerModels.StandardDCPForm}","lines":[25,59,90,52,64,61,21,102,19,97],"load_shed":18.581230531140847,"cut":"DC","ac_load_shed":18.26047452250002},{"iterations":346,"time":2195.758263379,"k":10,"model":"PowerModels.GenericPowerModel{PowerModels.SOCWRForm}","lines":[25,59,52,64,99,61,21,102,19,97],"load_shed":18.321661011167322,"cut":"DC","ac_load_shed":18.288572662407915},{"iterations":394,"time":2900.326146767,"k":10,"model":"PowerModels.GenericPowerModel{PowerModels.SOCWRForm}","lines":[25,59,90,52,64,61,21,102,19,97],"load_shed":18.304231706256935,"cut":"AC","ac_load_shed":18.26047452250002}]}