{"solution":[{"iterations":15,"time":7.397169843,"k":11,"model":"PowerModels.GenericPowerModel{PowerModels.StandardDCPForm}","lines":[18,11,21,29,4,37,5,20,23,27,36],"load_shed":25.4045,"cut":"DC","ac_load_shed":25.846916685358714},{"iterations":33,"time":11.080358672,"k":11,"model":"PowerModels.GenericPowerModel{PowerModels.SOCWRForm}","lines":[18,11,21,29,37,3,5,20,23,27,36],"load_shed":25.724291121267235,"cut":"DC","ac_load_shed":25.86812494219765},{"iterations":40,"time":11.791405866,"k":11,"model":"PowerModels.GenericPowerModel{PowerModels.SOCWRForm}","lines":[18,11,21,29,4,37,3,20,23,27,36],"load_shed":25.774136641621162,"cut":"AC","ac_load_shed":25.806460976235815}]}