{"solution":[{"iterations":11,"time":10.583224808,"k":5,"model":"PowerModels.GenericPowerModel{PowerModels.StandardDCPForm}","lines":[18,17,23,27,15],"load_shed":14.220000000000002,"cut":"DC","ac_load_shed":15.310164114652249},{"iterations":16,"time":16.119140379,"k":5,"model":"PowerModels.GenericPowerModel{PowerModels.SOCWRForm}","lines":[18,7,17,23,15],"load_shed":14.9474043069606,"cut":"DC","ac_load_shed":15.310164112146357},{"iterations":18,"time":18.095217105,"k":5,"model":"PowerModels.GenericPowerModel{PowerModels.SOCWRForm}","lines":[18,17,23,27,15],"load_shed":14.947404119215825,"cut":"AC","ac_load_shed":15.310164114652249}]}