{"solution":[{"expected_load_shed":0.11061406137599915,"time":5.269072564,"model":"PowerModels.GenericPowerModel{PowerModels.StandardDCPForm}","load_shed":8.533349999999933,"lines":[21,22,23,31,27],"cut":"DC","expected_ac_load_shed":0.06847906704737115,"ac_load_shed":5.28283510721425,"prob":0.012962560000000001,"iterations":12,"k":5},{"expected_load_shed":0.11324583788435476,"time":1.256795384,"model":"PowerModels.GenericPowerModel{PowerModels.SOCWRForm}","load_shed":5.202491530737918,"lines":[21,22,23,31,27],"cut":"DC","expected_ac_load_shed":0.11499472600515818,"ac_load_shed":5.28283510721425,"prob":0.021767615999999917,"iterations":4,"k":5},{"expected_load_shed":0.11324583788435476,"time":0.405421331,"model":"PowerModels.GenericPowerModel{PowerModels.SOCWRForm}","load_shed":5.202491530737918,"lines":[21,22,23,31,27],"cut":"AC","expected_ac_load_shed":0.11499472600515818,"ac_load_shed":5.28283510721425,"prob":0.021767615999999917,"iterations":4,"k":5}]}