{"solution":[{"expected_load_shed":0.11061406137600005,"time":5.22998936,"model":"PowerModels.GenericPowerModel{PowerModels.StandardDCPForm}","load_shed":8.53335000000001,"lines":[21,22,23,31,27],"cut":"DC","expected_ac_load_shed":0.06847906704737111,"ac_load_shed":5.28283510721425,"prob":0.012962559999999991,"iterations":12,"k":5},{"expected_load_shed":0.11324583788435474,"time":1.245858888,"model":"PowerModels.GenericPowerModel{PowerModels.SOCWRForm}","load_shed":5.2024915307378965,"lines":[21,22,23,31,27],"cut":"DC","expected_ac_load_shed":0.11499472600515864,"ac_load_shed":5.28283510721425,"prob":0.021767616000000004,"iterations":4,"k":5},{"expected_load_shed":0.11324583788435474,"time":0.325510391,"model":"PowerModels.GenericPowerModel{PowerModels.SOCWRForm}","load_shed":5.2024915307378965,"lines":[21,22,23,31,27],"cut":"AC","expected_ac_load_shed":0.11499472600515864,"ac_load_shed":5.28283510721425,"prob":0.021767616000000004,"iterations":4,"k":5}]}