{"solution":[{"iterations":66,"time":57.251155348,"k":13,"model":"PowerModels.GenericPowerModel{PowerModels.StandardDCPForm}","lines":[18,2,11,21,25,26,4,37,3,28,5,20,36],"load_shed":15.519999999999994,"cut":"DC","ac_load_shed":15.520281566608585},{"iterations":15,"time":3.649849606,"k":13,"model":"PowerModels.GenericPowerModel{PowerModels.SOCWRForm}","lines":[18,2,11,25,26,17,4,37,3,28,5,36,15],"load_shed":15.520280854885284,"cut":"DC","ac_load_shed":15.5202815665032},{"iterations":22,"time":4.655974206,"k":13,"model":"PowerModels.GenericPowerModel{PowerModels.SOCWRForm}","lines":[18,2,11,21,25,26,4,37,3,28,5,20,36],"load_shed":15.520280487713439,"cut":"AC","ac_load_shed":15.520281566608585}]}