{"solution":[{"iterations":22,"time":13.094143255,"k":8,"model":"PowerModels.GenericPowerModel{PowerModels.StandardDCPForm}","lines":[18,25,26,17,37,28,36,15],"load_shed":11.979999999999995,"cut":"DC","ac_load_shed":12.061559298083147},{"iterations":12,"time":4.799274996,"k":8,"model":"PowerModels.GenericPowerModel{PowerModels.SOCWRForm}","lines":[18,21,25,26,37,28,20,36],"load_shed":12.061544051250536,"cut":"DC","ac_load_shed":12.061550181320978},{"iterations":15,"time":8.951520196,"k":8,"model":"PowerModels.GenericPowerModel{PowerModels.SOCWRForm}","lines":[18,21,25,26,37,28,20,36],"load_shed":12.061544051250536,"cut":"AC","ac_load_shed":12.061550181320978}]}