{"solution":[{"iterations":52,"time":17.475232682,"k":21,"model":"PowerModels.GenericPowerModel{PowerModels.StandardDCPForm}","lines":[18,1,2,11,7,9,25,26,29,17,24,4,37,3,5,38,23,13,36,15,30],"load_shed":16.069999999999993,"cut":"DC","ac_load_shed":16.070000012263474},{"iterations":43,"time":9.442180764,"k":21,"model":"PowerModels.GenericPowerModel{PowerModels.SOCWRForm}","lines":[18,32,2,11,21,7,25,26,29,19,24,4,37,3,28,5,20,23,36,15,33],"load_shed":16.069999774631462,"cut":"DC","ac_load_shed":16.06999986177084},{"iterations":134,"time":40.255745778,"k":21,"model":"PowerModels.GenericPowerModel{PowerModels.SOCWRForm}","lines":[18,1,32,2,16,11,25,26,29,19,17,22,24,4,37,3,5,38,23,36,15],"load_shed":16.06999924250739,"cut":"AC","ac_load_shed":16.06999984578943}]}