{"solution":[{"iterations":16,"time":14.896119751,"k":4,"model":"PowerModels.GenericPowerModel{PowerModels.StandardDCPForm}","lines":[21,7,22,23],"load_shed":5.160000000000001,"cut":"DC","ac_load_shed":5.282835107214018},{"iterations":21,"time":24.861149573,"k":4,"model":"PowerModels.GenericPowerModel{PowerModels.SOCWRForm}","lines":[21,22,23,27],"load_shed":5.28276927122827,"cut":"DC","ac_load_shed":5.2828351072140585},{"iterations":23,"time":27.780522368,"k":4,"model":"PowerModels.GenericPowerModel{PowerModels.SOCWRForm}","lines":[21,22,23,27],"load_shed":5.28276927122827,"cut":"AC","ac_load_shed":5.2828351072140585}]}