{"solution":[{"iterations":96,"time":37.99166431,"k":20,"model":"PowerModels.GenericPowerModel{PowerModels.StandardDCPForm}","lines":[18,1,32,2,11,21,7,25,26,29,24,4,37,3,5,20,23,14,36,33],"load_shed":16.069999999999993,"cut":"DC","ac_load_shed":16.06999986177084},{"iterations":35,"time":7.542954771,"k":20,"model":"PowerModels.GenericPowerModel{PowerModels.SOCWRForm}","lines":[18,2,16,11,21,25,26,29,35,17,22,24,4,37,3,5,23,36,15,33],"load_shed":16.069999076637156,"cut":"DC","ac_load_shed":16.069999871787342},{"iterations":89,"time":24.631695329,"k":20,"model":"PowerModels.GenericPowerModel{PowerModels.SOCWRForm}","lines":[18,1,32,2,11,21,25,26,29,24,4,37,3,5,20,23,31,27,36,33],"load_shed":16.06999998412566,"cut":"AC","ac_load_shed":16.069999861770846}]}