{"solution":[{"iterations":12,"time":0.373169204,"k":28,"model":"PowerModels.GenericPowerModel{PowerModels.StandardDCPForm}","lines":[18,12,1,32,2,16,11,21,25,26,29,24,4,37,3,28,5,38,20,23,13,14,31,27,36,15,33,30],"load_shed":16.069999999999993,"cut":"DC","ac_load_shed":16.07000001226686},{"iterations":6,"time":0.188011164,"k":28,"model":"PowerModels.GenericPowerModel{PowerModels.SOCWRForm}","lines":[18,1,32,2,16,11,21,7,9,25,26,29,35,19,22,6,24,4,37,3,28,5,38,20,23,36,15,30],"load_shed":16.069999924014233,"cut":"DC","ac_load_shed":16.070000012266703},{"iterations":24,"time":1.085794283,"k":28,"model":"PowerModels.GenericPowerModel{PowerModels.SOCWRForm}","lines":[18,1,32,2,16,11,21,7,25,26,29,35,19,17,22,24,4,37,3,5,38,20,23,13,36,15,33,30],"load_shed":16.06999987400062,"cut":"AC","ac_load_shed":16.070000012267446}]}