{"solution":[{"iterations":9,"time":0.332142186,"k":29,"model":"PowerModels.GenericPowerModel{PowerModels.StandardDCPForm}","lines":[18,1,32,2,16,11,21,9,25,26,29,34,35,19,17,8,22,6,24,4,37,3,28,5,20,23,14,36,33],"load_shed":16.069999999999993,"cut":"DC","ac_load_shed":16.06999999551322},{"iterations":10,"time":0.291793991,"k":29,"model":"PowerModels.GenericPowerModel{PowerModels.SOCWRForm}","lines":[18,1,32,2,16,11,21,7,9,25,26,29,35,17,22,6,24,4,37,3,28,5,20,23,13,14,31,36,30],"load_shed":16.06999999657487,"cut":"DC","ac_load_shed":16.06999991375082},{"iterations":19,"time":0.628850528,"k":29,"model":"PowerModels.GenericPowerModel{PowerModels.SOCWRForm}","lines":[18,32,2,16,11,21,25,10,26,29,34,35,19,17,8,22,6,24,4,37,3,5,20,23,27,36,15,33,30],"load_shed":16.069999610120803,"cut":"AC","ac_load_shed":16.070000012265787}]}