{"solution":[{"iterations":24,"time":0.578627498,"k":25,"model":"PowerModels.GenericPowerModel{PowerModels.StandardDCPForm}","lines":[18,32,2,16,11,21,25,10,26,29,34,17,22,6,24,4,37,3,28,5,20,23,36,33,30],"load_shed":16.069999999999993,"cut":"DC","ac_load_shed":16.069999995517815},{"iterations":30,"time":2.531951643,"k":25,"model":"PowerModels.GenericPowerModel{PowerModels.SOCWRForm}","lines":[18,12,32,2,11,21,7,25,26,29,17,8,6,24,4,37,3,28,5,38,20,23,27,36,30],"load_shed":16.069999805196325,"cut":"DC","ac_load_shed":16.06999997509972},{"iterations":24,"time":2.132653412,"k":25,"model":"PowerModels.GenericPowerModel{PowerModels.SOCWRForm}","lines":[18,12,32,2,11,21,7,25,26,29,22,6,24,4,37,3,28,5,38,20,23,31,27,36,33],"load_shed":16.06999996655724,"cut":"AC","ac_load_shed":16.070000012264128}]}