{"solution":[{"iterations":76,"time":58.961833731,"k":12,"model":"PowerModels.GenericPowerModel{PowerModels.StandardDCPForm}","lines":[18,1,11,21,25,26,4,37,28,5,20,36],"load_shed":14.679999999999996,"cut":"DC","ac_load_shed":14.69052260241499},{"iterations":31,"time":9.502202793,"k":12,"model":"PowerModels.GenericPowerModel{PowerModels.SOCWRForm}","lines":[18,1,11,25,26,17,4,37,28,5,36,15],"load_shed":14.690525745697169,"cut":"DC","ac_load_shed":14.690527340031071},{"iterations":38,"time":10.445452596,"k":12,"model":"PowerModels.GenericPowerModel{PowerModels.SOCWRForm}","lines":[18,1,11,21,25,26,4,37,28,5,20,36],"load_shed":14.690520342343333,"cut":"AC","ac_load_shed":14.69052260241499}]}