{"solution":[{"iterations":8,"time":0.315609468,"k":30,"model":"PowerModels.GenericPowerModel{PowerModels.StandardDCPForm}","lines":[18,1,32,2,16,11,21,7,9,25,10,26,29,35,19,22,6,24,4,37,3,28,5,38,20,23,13,36,33,30],"load_shed":16.069999999999993,"cut":"DC","ac_load_shed":16.070000012261467},{"iterations":8,"time":0.222018631,"k":30,"model":"PowerModels.GenericPowerModel{PowerModels.SOCWRForm}","lines":[18,1,32,2,11,7,9,25,26,29,17,22,6,24,4,37,3,28,5,38,20,23,13,14,31,27,36,15,33,30],"load_shed":16.069999995684775,"cut":"DC","ac_load_shed":16.07000001226514},{"iterations":8,"time":0.231831318,"k":30,"model":"PowerModels.GenericPowerModel{PowerModels.SOCWRForm}","lines":[12,1,2,16,11,9,25,10,26,29,35,19,17,22,6,24,4,37,3,28,5,38,20,23,13,14,31,36,15,33],"load_shed":16.07000000786305,"cut":"AC","ac_load_shed":16.069999894797427}]}