{"solution":[{"iterations":42,"time":14.57598326,"k":7,"model":"PowerModels.GenericPowerModel{PowerModels.StandardDCPForm}","lines":[18,11,17,23,31,27,15],"load_shed":10.170000000000005,"cut":"DC","ac_load_shed":10.196349814987048},{"iterations":34,"time":9.144675909,"k":7,"model":"PowerModels.GenericPowerModel{PowerModels.SOCWRForm}","lines":[18,11,21,3,20,23,27],"load_shed":10.214301976783084,"cut":"DC","ac_load_shed":10.214304032136221},{"iterations":47,"time":15.478895716,"k":7,"model":"PowerModels.GenericPowerModel{PowerModels.SOCWRForm}","lines":[18,11,7,17,3,23,15],"load_shed":10.214310199880144,"cut":"AC","ac_load_shed":10.21431173730061}]}