{"solution":[{"iterations":29,"time":9.78824273,"k":10,"model":"PowerModels.GenericPowerModel{PowerModels.StandardDCPForm}","lines":[18,11,25,26,17,8,37,28,36,15],"load_shed":13.729999999999992,"cut":"DC","ac_load_shed":13.756675021181577},{"iterations":30,"time":7.665214409,"k":10,"model":"PowerModels.GenericPowerModel{PowerModels.SOCWRForm}","lines":[18,11,21,25,26,37,3,28,20,36],"load_shed":13.774104707467185,"cut":"DC","ac_load_shed":13.77410707063645},{"iterations":35,"time":8.690362285,"k":10,"model":"PowerModels.GenericPowerModel{PowerModels.SOCWRForm}","lines":[18,11,25,26,17,37,3,28,36,15],"load_shed":13.774105325807284,"cut":"AC","ac_load_shed":13.774106976579896}]}