{"solution":[{"iterations":170,"time":172.009502425,"k":18,"model":"PowerModels.GenericPowerModel{PowerModels.StandardDCPForm}","lines":[18,2,16,11,25,26,29,35,17,24,4,37,3,5,23,36,15,30],"load_shed":16.069999999999993,"cut":"DC","ac_load_shed":16.069999902690984},{"iterations":40,"time":8.608777464,"k":18,"model":"PowerModels.GenericPowerModel{PowerModels.SOCWRForm}","lines":[18,2,11,21,7,25,26,29,24,4,37,3,5,38,20,23,31,36],"load_shed":16.06999986977984,"cut":"DC","ac_load_shed":16.069999842609093},{"iterations":64,"time":20.395880688,"k":18,"model":"PowerModels.GenericPowerModel{PowerModels.SOCWRForm}","lines":[18,2,16,11,21,25,26,29,24,4,37,3,5,20,23,36,33,30],"load_shed":16.069999170998273,"cut":"AC","ac_load_shed":16.06999987247484}]}