{"solution":[{"iterations":11,"time":0.364312614,"k":27,"model":"PowerModels.GenericPowerModel{PowerModels.StandardDCPForm}","lines":[18,1,32,2,16,11,21,7,9,25,10,26,29,34,19,17,22,24,4,37,3,5,23,14,36,15,33],"load_shed":16.069999999999993,"cut":"DC","ac_load_shed":16.07000001226578},{"iterations":8,"time":0.243315857,"k":27,"model":"PowerModels.GenericPowerModel{PowerModels.SOCWRForm}","lines":[12,2,16,11,21,7,25,10,26,29,19,17,8,22,6,24,4,37,3,5,20,23,13,14,31,27,36],"load_shed":16.07000000270728,"cut":"DC","ac_load_shed":16.070000012266007},{"iterations":18,"time":0.710196913,"k":27,"model":"PowerModels.GenericPowerModel{PowerModels.SOCWRForm}","lines":[18,12,1,2,11,21,25,26,29,19,17,22,6,24,4,37,3,28,5,38,20,23,31,27,36,33,30],"load_shed":16.069999996219238,"cut":"AC","ac_load_shed":16.070000012265158}]}