{"solution":[{"iterations":2,"time":0.210412414,"k":37,"model":"PowerModels.GenericPowerModel{PowerModels.StandardDCPForm}","lines":[18,12,32,2,16,11,21,7,9,25,10,26,29,34,35,19,17,8,22,6,24,4,37,3,28,5,38,20,23,13,14,31,27,36,15,33,30],"load_shed":16.069999999999993,"cut":"DC","ac_load_shed":null},{"iterations":1,"time":0.015738778,"k":37,"model":"PowerModels.GenericPowerModel{PowerModels.SOCWRForm}","lines":[18,12,32,2,16,11,21,7,9,25,10,26,29,34,35,19,17,8,22,6,24,4,37,3,28,5,38,20,23,13,14,31,27,36,15,33,30],"load_shed":16.070000000008633,"cut":"DC","ac_load_shed":null},{"iterations":2,"time":0.037416117,"k":37,"model":"PowerModels.GenericPowerModel{PowerModels.SOCWRForm}","lines":[18,12,32,2,16,11,21,7,9,25,10,26,29,34,35,19,17,8,22,6,24,4,37,3,28,5,38,20,23,13,14,31,27,36,15,33,30],"load_shed":16.070000000008633,"cut":"AC","ac_load_shed":null}]}