{"solution":[{"iterations":18,"time":4.550751496,"k":9,"model":"PowerModels.GenericPowerModel{PowerModels.StandardDCPForm}","lines":[18,11,25,26,17,37,28,36,15],"load_shed":13.729999999999999,"cut":"DC","ac_load_shed":13.756497470836235},{"iterations":10,"time":2.207748203,"k":9,"model":"PowerModels.GenericPowerModel{PowerModels.SOCWRForm}","lines":[18,11,21,25,26,37,28,20,36],"load_shed":13.75648757380209,"cut":"DC","ac_load_shed":13.756490813566987},{"iterations":11,"time":2.072696193,"k":9,"model":"PowerModels.GenericPowerModel{PowerModels.SOCWRForm}","lines":[18,11,21,25,26,37,28,20,36],"load_shed":13.75648757380209,"cut":"AC","ac_load_shed":13.756490813566987}]}