{"solution":[{"iterations":13,"time":3.566491395,"k":6,"model":"PowerModels.GenericPowerModel{PowerModels.StandardDCPForm}","lines":[18,11,21,20,23,27],"load_shed":10.170000000000005,"cut":"DC","ac_load_shed":10.196349010987921},{"iterations":9,"time":2.723133062,"k":6,"model":"PowerModels.GenericPowerModel{PowerModels.SOCWRForm}","lines":[18,11,17,23,27,15],"load_shed":10.196348744063405,"cut":"DC","ac_load_shed":10.196349814987034},{"iterations":6,"time":1.521595867,"k":6,"model":"PowerModels.GenericPowerModel{PowerModels.SOCWRForm}","lines":[18,11,21,20,23,27],"load_shed":10.196348136443863,"cut":"AC","ac_load_shed":10.196349010987921}]}