{"solution":[{"iterations":167,"time":235.639693815,"k":19,"model":"PowerModels.GenericPowerModel{PowerModels.StandardDCPForm}","lines":[18,1,2,11,21,25,26,29,22,24,4,37,3,28,5,20,23,13,36],"load_shed":16.069999999999993,"cut":"DC","ac_load_shed":16.069999872065228},{"iterations":98,"time":80.016110928,"k":19,"model":"PowerModels.GenericPowerModel{PowerModels.SOCWRForm}","lines":[18,1,2,11,21,7,25,26,29,6,24,4,37,3,5,20,23,27,36],"load_shed":16.06999998039673,"cut":"DC","ac_load_shed":16.06999997811633},{"iterations":136,"time":115.141186537,"k":19,"model":"PowerModels.GenericPowerModel{PowerModels.SOCWRForm}","lines":[18,1,2,11,7,25,26,29,17,6,24,4,37,3,5,23,27,36,15],"load_shed":16.06999998161582,"cut":"AC","ac_load_shed":16.06999997808135}]}