{"solution":[{"iterations":82,"time":7.972637276,"k":22,"model":"PowerModels.GenericPowerModel{PowerModels.StandardDCPForm}","lines":[18,2,11,21,7,25,26,29,34,8,22,6,24,4,37,3,5,20,23,36,15,30],"load_shed":16.069999999999993,"cut":"DC","ac_load_shed":16.070000012263474},{"iterations":38,"time":15.416781111,"k":22,"model":"PowerModels.GenericPowerModel{PowerModels.SOCWRForm}","lines":[12,1,2,16,11,21,25,26,29,19,24,4,37,3,5,20,23,13,14,31,36,33],"load_shed":16.06999939265531,"cut":"DC","ac_load_shed":16.06999991273448},{"iterations":236,"time":119.053983572,"k":22,"model":"PowerModels.GenericPowerModel{PowerModels.SOCWRForm}","lines":[18,32,2,11,21,25,26,29,34,35,19,22,24,4,37,3,28,5,38,20,23,36],"load_shed":16.06999954061163,"cut":"AC","ac_load_shed":16.06999992083894}]}