{"solution":[{"iterations":8,"time":0.307972248,"k":29,"model":"PowerModels.GenericPowerModel{PowerModels.StandardDCPForm}","lines":[18,1,32,2,16,11,21,7,9,25,26,29,34,35,19,17,8,22,6,24,4,37,3,5,20,23,36,33,30],"load_shed":16.069999999999993,"cut":"DC","ac_load_shed":16.07000001226114},{"iterations":10,"time":0.312064946,"k":29,"model":"PowerModels.GenericPowerModel{PowerModels.SOCWRForm}","lines":[18,1,32,2,16,11,21,7,9,25,26,29,34,35,22,6,24,4,37,3,28,5,20,23,14,31,36,15,30],"load_shed":16.06999997002692,"cut":"DC","ac_load_shed":16.070000012262668},{"iterations":29,"time":1.369763898,"k":29,"model":"PowerModels.GenericPowerModel{PowerModels.SOCWRForm}","lines":[18,12,32,2,11,21,7,9,25,10,26,29,35,19,8,22,24,4,37,3,28,5,20,23,13,14,31,36,33],"load_shed":16.069999996521968,"cut":"AC","ac_load_shed":16.070000012265794}]}