{"solution":[{"iterations":30,"time":8.857163606,"k":10,"model":"PowerModels.GenericPowerModel{PowerModels.StandardDCPForm}","lines":[18,2,11,25,26,17,37,28,36,15],"load_shed":13.729999999999995,"cut":"DC","ac_load_shed":13.761817734563056},{"iterations":19,"time":6.150750598,"k":10,"model":"PowerModels.GenericPowerModel{PowerModels.SOCWRForm}","lines":[18,11,21,25,26,37,3,28,20,36],"load_shed":13.774105248697698,"cut":"DC","ac_load_shed":13.774107070636596},{"iterations":23,"time":9.067316349,"k":10,"model":"PowerModels.GenericPowerModel{PowerModels.SOCWRForm}","lines":[18,11,21,25,26,37,3,28,20,36],"load_shed":13.774105248697698,"cut":"AC","ac_load_shed":13.774107070636596}]}