{"solution":[{"iterations":47,"time":14.120889998,"k":23,"model":"PowerModels.GenericPowerModel{PowerModels.StandardDCPForm}","lines":[18,12,2,11,21,7,25,26,29,17,8,24,4,37,3,28,5,23,14,27,36,15,33],"load_shed":16.069999999999993,"cut":"DC","ac_load_shed":16.07000001226204},{"iterations":21,"time":1.208698479,"k":23,"model":"PowerModels.GenericPowerModel{PowerModels.SOCWRForm}","lines":[18,1,2,16,11,25,26,29,34,35,17,22,24,4,37,3,5,38,23,27,36,15,33],"load_shed":16.069999884744217,"cut":"DC","ac_load_shed":16.06999996407002},{"iterations":70,"time":13.102127967,"k":23,"model":"PowerModels.GenericPowerModel{PowerModels.SOCWRForm}","lines":[18,1,2,11,21,7,25,26,29,17,22,24,4,37,3,5,23,31,27,36,15,33,30],"load_shed":16.069999892865688,"cut":"AC","ac_load_shed":16.07000001226691}]}