{"solution":[{"iterations":44,"time":3.11941044,"k":25,"model":"PowerModels.GenericPowerModel{PowerModels.StandardDCPForm}","lines":[18,12,1,2,11,21,7,9,25,26,29,19,17,22,6,24,4,37,3,5,20,23,31,36,33],"load_shed":16.069999999999993,"cut":"DC","ac_load_shed":16.070000012264764},{"iterations":4,"time":0.144763217,"k":25,"model":"PowerModels.GenericPowerModel{PowerModels.SOCWRForm}","lines":[18,1,32,2,11,21,9,25,10,26,29,22,24,4,37,3,5,20,23,14,31,36,15,33,30],"load_shed":16.06999979661072,"cut":"DC","ac_load_shed":16.06999992088287},{"iterations":62,"time":10.873601112,"k":25,"model":"PowerModels.GenericPowerModel{PowerModels.SOCWRForm}","lines":[18,2,16,11,7,25,10,26,29,19,17,6,24,4,37,3,28,5,38,23,13,31,27,36,15],"load_shed":16.070000002091927,"cut":"AC","ac_load_shed":16.070000012265176}]}