{"solution":[{"iterations":102,"time":79.889020888,"k":20,"model":"PowerModels.GenericPowerModel{PowerModels.StandardDCPForm}","lines":[18,12,1,2,16,11,21,25,26,29,24,4,37,3,5,20,23,36,33,30],"load_shed":16.069999999999993,"cut":"DC","ac_load_shed":16.069999871792238},{"iterations":53,"time":24.87167864,"k":20,"model":"PowerModels.GenericPowerModel{PowerModels.SOCWRForm}","lines":[18,2,11,25,10,26,29,17,6,24,4,37,3,5,38,23,31,36,15,30],"load_shed":16.069999657782773,"cut":"DC","ac_load_shed":16.069999995507136},{"iterations":131,"time":71.410726147,"k":20,"model":"PowerModels.GenericPowerModel{PowerModels.SOCWRForm}","lines":[18,1,2,11,21,7,25,26,29,24,4,37,3,28,5,20,23,27,36,30],"load_shed":16.069999839073027,"cut":"AC","ac_load_shed":16.070000012261023}]}