{"solution":[{"iterations":13,"time":4.190403821,"k":6,"model":"PowerModels.GenericPowerModel{PowerModels.StandardDCPForm}","lines":[18,11,21,20,23,27],"load_shed":10.170000000000002,"cut":"DC","ac_load_shed":10.196349010984544},{"iterations":11,"time":3.803907443,"k":6,"model":"PowerModels.GenericPowerModel{PowerModels.SOCWRForm}","lines":[18,11,21,20,23,27],"load_shed":10.196347667539813,"cut":"DC","ac_load_shed":10.196349010984544},{"iterations":11,"time":2.990083167,"k":6,"model":"PowerModels.GenericPowerModel{PowerModels.SOCWRForm}","lines":[18,11,21,20,23,27],"load_shed":10.196347667539813,"cut":"AC","ac_load_shed":10.196349010984544}]}