{"solution":[{"iterations":19,"time":5.317937318,"k":8,"model":"PowerModels.GenericPowerModel{PowerModels.StandardDCPForm}","lines":[18,11,25,26,37,28,20,36],"load_shed":12.467992794809527,"cut":"DC","ac_load_shed":12.382303649045557},{"iterations":12,"time":3.352080185,"k":8,"model":"PowerModels.GenericPowerModel{PowerModels.SOCWRForm}","lines":[18,11,25,26,37,28,20,36],"load_shed":12.388990539248006,"cut":"DC","ac_load_shed":12.382303649045557},{"iterations":16,"time":5.294881021,"k":8,"model":"PowerModels.GenericPowerModel{PowerModels.SOCWRForm}","lines":[18,11,25,26,37,28,20,36],"load_shed":12.388990539248006,"cut":"AC","ac_load_shed":12.382303649045557}]}