{"solution":[{"iterations":100,"time":89.650117558,"k":17,"model":"PowerModels.GenericPowerModel{PowerModels.StandardDCPForm}","lines":[18,1,2,11,7,25,26,29,17,24,4,37,3,5,23,36,15],"load_shed":16.069999999999993,"cut":"DC","ac_load_shed":16.070000012409068},{"iterations":29,"time":10.389465612,"k":17,"model":"PowerModels.GenericPowerModel{PowerModels.SOCWRForm}","lines":[18,1,2,11,21,25,26,29,22,24,4,37,3,5,20,23,36],"load_shed":16.069999310914195,"cut":"DC","ac_load_shed":16.069999902685048},{"iterations":38,"time":13.468233263,"k":17,"model":"PowerModels.GenericPowerModel{PowerModels.SOCWRForm}","lines":[18,1,2,11,25,26,29,17,24,4,37,3,5,38,23,36,15],"load_shed":16.06999893395041,"cut":"AC","ac_load_shed":16.06999987179219}]}