{"solution":[{"iterations":12,"time":0.35016653,"k":31,"model":"PowerModels.GenericPowerModel{PowerModels.StandardDCPForm}","lines":[18,12,1,2,16,11,21,7,25,26,29,17,22,6,24,4,37,3,28,5,38,20,23,13,14,31,27,36,15,33,30],"load_shed":16.069999999999993,"cut":"DC","ac_load_shed":16.070000012262888},{"iterations":8,"time":0.229405598,"k":31,"model":"PowerModels.GenericPowerModel{PowerModels.SOCWRForm}","lines":[18,1,32,2,16,11,21,7,9,25,26,29,35,17,8,22,6,24,4,37,3,28,5,38,20,23,31,36,15,33,30],"load_shed":16.06999998270639,"cut":"DC","ac_load_shed":16.070000012261758},{"iterations":8,"time":0.226365294,"k":31,"model":"PowerModels.GenericPowerModel{PowerModels.SOCWRForm}","lines":[18,1,32,2,16,11,21,7,9,25,26,29,34,35,19,17,22,6,24,4,37,3,28,5,38,20,23,31,36,33,30],"load_shed":16.069999295041182,"cut":"AC","ac_load_shed":null}]}