{"solution":[{"iterations":5,"time":0.265989171,"k":28,"model":"PowerModels.GenericPowerModel{PowerModels.StandardDCPForm}","lines":[18,12,1,32,2,16,11,21,25,26,29,24,4,37,3,28,5,38,20,23,13,14,31,27,36,15,33,30],"load_shed":16.069999999999993,"cut":"DC","ac_load_shed":16.07000001226622},{"iterations":10,"time":0.308890634,"k":28,"model":"PowerModels.GenericPowerModel{PowerModels.SOCWRForm}","lines":[18,1,32,2,16,11,21,7,9,25,26,29,34,35,19,22,6,24,4,37,3,28,5,38,20,23,36,15],"load_shed":16.069999578906703,"cut":"DC","ac_load_shed":16.07000001226712},{"iterations":6,"time":0.189017049,"k":28,"model":"PowerModels.GenericPowerModel{PowerModels.SOCWRForm}","lines":[18,12,2,16,11,21,7,25,26,29,19,22,24,4,37,3,28,5,38,20,23,13,31,27,36,15,33,30],"load_shed":16.069999824068816,"cut":"AC","ac_load_shed":16.070000012265865}]}