{"solution":[{"iterations":27,"time":9.42471803,"k":7,"model":"PowerModels.GenericPowerModel{PowerModels.StandardDCPForm}","lines":[18,11,25,26,37,28,36],"load_shed":10.77825743473493,"cut":"DC","ac_load_shed":10.678378280391527},{"iterations":25,"time":9.403602434,"k":7,"model":"PowerModels.GenericPowerModel{PowerModels.SOCWRForm}","lines":[18,25,26,37,28,20,36],"load_shed":10.696118732691907,"cut":"DC","ac_load_shed":10.689509220924206},{"iterations":24,"time":7.590071535,"k":7,"model":"PowerModels.GenericPowerModel{PowerModels.SOCWRForm}","lines":[18,11,25,26,37,28,36],"load_shed":10.692945800929412,"cut":"AC","ac_load_shed":10.678378280391527}]}