{"solution":[{"iterations":9,"time":0.292759233,"k":30,"model":"PowerModels.GenericPowerModel{PowerModels.StandardDCPForm}","lines":[18,32,2,16,11,21,7,9,25,10,26,29,34,35,19,17,8,22,6,24,4,37,3,28,5,38,20,23,36,33],"load_shed":16.069999999999993,"cut":"DC","ac_load_shed":16.070000012266643},{"iterations":8,"time":0.233028305,"k":30,"model":"PowerModels.GenericPowerModel{PowerModels.SOCWRForm}","lines":[18,1,32,2,11,7,9,25,26,29,17,22,6,24,4,37,3,28,5,38,20,23,13,14,31,27,36,15,33,30],"load_shed":16.069999980132472,"cut":"DC","ac_load_shed":16.070000012265268},{"iterations":16,"time":0.479312757,"k":30,"model":"PowerModels.GenericPowerModel{PowerModels.SOCWRForm}","lines":[18,32,2,16,11,21,7,9,25,10,26,29,19,22,6,24,4,37,3,28,5,38,20,23,14,31,36,15,33,30],"load_shed":16.06999994131398,"cut":"AC","ac_load_shed":16.070000012266416}]}