{"solution":[{"iterations":9,"time":3.969842076,"k":9,"model":"PowerModels.GenericPowerModel{PowerModels.StandardDCPForm}","lines":[18,11,21,25,26,37,28,20,36],"load_shed":13.73,"cut":"DC","ac_load_shed":13.756490813566826},{"iterations":9,"time":2.536759797,"k":9,"model":"PowerModels.GenericPowerModel{PowerModels.SOCWRForm}","lines":[18,11,21,25,26,37,28,20,36],"load_shed":13.756489316853528,"cut":"DC","ac_load_shed":13.756490813566826},{"iterations":9,"time":2.506990363,"k":9,"model":"PowerModels.GenericPowerModel{PowerModels.SOCWRForm}","lines":[18,11,21,25,26,37,28,20,36],"load_shed":13.756489316853528,"cut":"AC","ac_load_shed":13.756490813566826}]}