{"solution":[{"iterations":15,"time":5.408790558,"k":24,"model":"PowerModels.GenericPowerModel{PowerModels.StandardDCPForm}","lines":[18,1,2,16,11,21,7,25,26,29,8,22,24,4,37,3,28,5,20,23,31,36,15,33],"load_shed":16.069999999999993,"cut":"DC","ac_load_shed":16.070000012265726},{"iterations":14,"time":3.078453956,"k":24,"model":"PowerModels.GenericPowerModel{PowerModels.SOCWRForm}","lines":[1,2,16,11,25,10,26,29,34,35,19,17,22,24,4,37,3,5,38,23,14,36,15,30],"load_shed":16.069999427507852,"cut":"DC","ac_load_shed":16.069999847760975},{"iterations":27,"time":9.166003068,"k":24,"model":"PowerModels.GenericPowerModel{PowerModels.SOCWRForm}","lines":[12,1,2,16,11,21,7,25,26,29,35,19,8,6,24,4,37,3,5,20,23,14,27,36],"load_shed":16.06999993649229,"cut":"AC","ac_load_shed":16.06999999310565}]}