{"solution":[{"iterations":43,"time":85.805891597,"k":4,"model":"PowerModels.GenericPowerModel{PowerModels.StandardDCPForm}","lines":[25,21,19,22],"load_shed":11.070764756499969,"cut":"DC","ac_load_shed":15.403760530522627},{"iterations":147,"time":354.511405548,"k":4,"model":"PowerModels.GenericPowerModel{PowerModels.SOCWRForm}","lines":[25,102,19,97],"load_shed":15.134708312056143,"cut":"DC","ac_load_shed":15.59413486343721},{"iterations":145,"time":349.018941237,"k":4,"model":"PowerModels.GenericPowerModel{PowerModels.SOCWRForm}","lines":[25,102,19,97],"load_shed":15.134708312056143,"cut":"AC","ac_load_shed":15.59413486343721}]}