{"solution":[{"iterations":122,"time":289.969350556,"k":8,"model":"PowerModels.GenericPowerModel{PowerModels.StandardDCPForm}","lines":[25,106,18,96,94,102,19,97],"load_shed":22.21401040802642,"cut":"DC","ac_load_shed":26.096371550565635},{"iterations":576,"time":2679.639251202,"k":8,"model":"PowerModels.GenericPowerModel{PowerModels.SOCWRForm}","lines":[25,18,96,94,16,102,19,97],"load_shed":26.207829096263186,"cut":"DC","ac_load_shed":26.771844272039303},{"iterations":606,"time":2916.450359096,"k":8,"model":"PowerModels.GenericPowerModel{PowerModels.SOCWRForm}","lines":[25,18,96,94,16,102,19,97],"load_shed":26.207829096263186,"cut":"AC","ac_load_shed":26.771844272039303}]}