{"solution":[{"iterations":115,"time":2013.241137901,"k":12,"model":"PowerModels.GenericPowerModel{PowerModels.StandardDCPForm}","lines":[25,29,58,57,96,86,94,21,102,19,22,97],"load_shed":33.067599999999985,"cut":"DC","ac_load_shed":36.182463802343904},{"iterations":844,"time":26866.529063977,"k":12,"model":"PowerModels.GenericPowerModel{PowerModels.SOCWRForm}","lines":[25,59,18,96,64,94,61,16,62,102,19,97],"load_shed":36.65062383727638,"cut":"DC","ac_load_shed":37.462958768838206},{"iterations":888,"time":26652.736188249,"k":12,"model":"PowerModels.GenericPowerModel{PowerModels.SOCWRForm}","lines":[25,59,18,96,64,94,61,16,62,102,19,97],"load_shed":36.65062383727638,"cut":"AC","ac_load_shed":37.462958768838206}]}