{"solution":[{"iterations":32,"time":61.293781893,"k":5,"model":"PowerModels.GenericPowerModel{PowerModels.StandardDCPForm}","lines":[106,99,100,102,97],"load_shed":14.832099999999993,"cut":"DC","ac_load_shed":18.11863747361918},{"iterations":273,"time":595.961502811,"k":5,"model":"PowerModels.GenericPowerModel{PowerModels.SOCWRForm}","lines":[25,21,102,19,97],"load_shed":17.71953685214401,"cut":"DC","ac_load_shed":18.261188771712135},{"iterations":288,"time":641.557136687,"k":5,"model":"PowerModels.GenericPowerModel{PowerModels.SOCWRForm}","lines":[25,21,102,19,97],"load_shed":17.71953685214401,"cut":"AC","ac_load_shed":18.261188771712135}]}