{"solution":[{"iterations":65,"time":571.512362785,"k":13,"model":"PowerModels.GenericPowerModel{PowerModels.StandardDCPForm}","lines":[25,59,106,64,99,61,100,62,21,102,19,22,97],"load_shed":36.671964756499975,"cut":"DC","ac_load_shed":40.14262757629676},{"iterations":775,"time":27914.345368941,"k":13,"model":"PowerModels.GenericPowerModel{PowerModels.SOCWRForm}","lines":[25,59,18,96,64,86,94,61,16,62,102,19,97],"load_shed":39.40587381412112,"cut":"DC","ac_load_shed":40.15028356522389},{"iterations":709,"time":22415.968118507,"k":13,"model":"PowerModels.GenericPowerModel{PowerModels.SOCWRForm}","lines":[25,58,59,64,86,99,100,21,102,19,22,56,97],"load_shed":39.39536806898089,"cut":"AC","ac_load_shed":40.14257653395558}]}