{"solution":[{"iterations":106,"time":284.405398198,"k":6,"model":"PowerModels.GenericPowerModel{PowerModels.StandardDCPForm}","lines":[106,84,99,100,102,97],"load_shed":16.582100000000004,"cut":"DC","ac_load_shed":19.5234650650642},{"iterations":352,"time":835.150200482,"k":6,"model":"PowerModels.GenericPowerModel{PowerModels.SOCWRForm}","lines":[25,18,16,102,19,97],"load_shed":20.671268661101507,"cut":"DC","ac_load_shed":21.18232546726489},{"iterations":392,"time":955.506672313,"k":6,"model":"PowerModels.GenericPowerModel{PowerModels.SOCWRForm}","lines":[25,18,16,102,19,97],"load_shed":20.671268661101507,"cut":"AC","ac_load_shed":21.18232546726489}]}