{"attack":[{"k":2,"load":0.287508,"branch_ids":[23,19]},{"k":2,"load":0.2875080000000001,"branch_ids":[23,19]},{"k":2,"load":0.2875080000000001,"branch_ids":[23,19]}]}