{"solution":[{"expected_load_shed":0.030991242260938703,"time":773.93719752,"model":"PowerModels.GenericPowerModel{PowerModels.StandardDCPForm}","load_shed":12.727199999999987,"lines":[106,33,84,99,100,81,72,97],"cut":"DC","expected_ac_load_shed":0.038364519810448895,"ac_load_shed":15.755190205684748,"prob":0.0024350400921599987,"iterations":226,"k":8},{"expected_load_shed":0.041531533782290554,"time":363.889138619,"model":"PowerModels.GenericPowerModel{PowerModels.SOCWRForm}","load_shed":9.195100754426875,"lines":[2,33,110,81,21,19,22,72],"cut":"DC","expected_ac_load_shed":0.05753112613364397,"ac_load_shed":12.737417887996951,"prob":0.004516702414848002,"iterations":250,"k":8}]}