{"solution":[{"expected_load_shed":1.3837459899873162e-5,"time":4.042723726,"model":"PowerModels.GenericPowerModel{PowerModels.StandardDCPForm}","load_shed":19.470000000000006,"lines":[18,12,2,21,25,26,35,19,22,4,5,38,20,23,13,31,27],"cut":"DC","expected_ac_load_shed":1.397291200057181e-5,"ac_load_shed":19.66058789833436,"prob":7.10706723157327e-7,"iterations":6,"k":17},{"expected_load_shed":1.397291048291699e-5,"time":0.972920952,"model":"PowerModels.GenericPowerModel{PowerModels.SOCWRForm}","load_shed":19.66058576291792,"lines":[18,12,2,21,25,26,35,19,22,4,5,38,20,23,13,31,27],"cut":"DC","expected_ac_load_shed":1.397291200057181e-5,"ac_load_shed":19.66058789833436,"prob":7.10706723157327e-7,"iterations":4,"k":17}]}