{"solution":[{"expected_load_shed":0.02259774298294913,"time":22.003570673,"model":"PowerModels.GenericPowerModel{PowerModels.StandardDCPForm}","load_shed":7.747277841803182,"lines":[33,101,100,62,21,19,22,63],"cut":"DC","expected_ac_load_shed":0.02168067084252249,"ac_load_shed":7.432874200774821,"prob":0.0029168623411199995,"iterations":30,"k":8},{"expected_load_shed":0.02174788008293717,"time":12.902846096,"model":"PowerModels.GenericPowerModel{PowerModels.SOCWRForm}","load_shed":6.193821595380688,"lines":[110,101,100,62,21,19,22,63],"cut":"DC","expected_ac_load_shed":0.026098623502870726,"ac_load_shed":7.432918392290442,"prob":0.003511221585580799,"iterations":27,"k":8}]}