{"solution":[{"expected_load_shed":0.030058465582080016,"time":3.823883115,"model":"PowerModels.GenericPowerModel{PowerModels.StandardDCPForm}","load_shed":9.224919441460807,"lines":[18,2,21,20,23,31,27],"cut":"DC","expected_ac_load_shed":0.027722231672784287,"ac_load_shed":8.507931092510933,"prob":0.0032583987071999974,"iterations":4,"k":7},{"expected_load_shed":0.030372357336411117,"time":1.046938197,"model":"PowerModels.GenericPowerModel{PowerModels.SOCWRForm}","load_shed":5.787705846564119,"lines":[18,2,21,20,23,31,27],"cut":"DC","expected_ac_load_shed":0.044647383641431566,"ac_load_shed":8.507931092510933,"prob":0.00524773686528,"iterations":4,"k":7}]}