{"solution":[{"expected_load_shed":0.00886969353508064,"time":250.949462261,"model":"PowerModels.GenericPowerModel{PowerModels.StandardDCPForm}","load_shed":12.727199999999964,"lines":[2,29,33,110,21,19,22,119,72,5],"cut":"DC","expected_ac_load_shed":0.01096846565355237,"ac_load_shed":15.738746272773241,"prob":0.0006969084743761915,"iterations":153,"k":10},{"expected_load_shed":0.011943209711856605,"time":99.609899023,"model":"PowerModels.GenericPowerModel{PowerModels.SOCWRForm}","load_shed":9.782582850024298,"lines":[2,33,110,100,81,21,19,22,72,5],"cut":"DC","expected_ac_load_shed":0.017581270425247413,"ac_load_shed":14.40067106691777,"prob":0.0012208646627334151,"iterations":155,"k":10}]}