{"solution":[{"expected_load_shed":0.15525432000000008,"time":938.866017524,"model":"PowerModels.GenericPowerModel{PowerModels.StandardDCPForm}","load_shed":1.9400000001910813,"lines":[64,60,72],"cut":"DC","expected_ac_load_shed":0.15525426300327844,"ac_load_shed":1.9399992879813341,"prob":0.08002799999211764,"iterations":358,"k":3},{"expected_load_shed":0.19156174783329946,"time":200.591568338,"model":"PowerModels.GenericPowerModel{PowerModels.SOCWRForm}","load_shed":2.27399985557098,"lines":[101,100,102],"cut":"DC","expected_ac_load_shed":0.1668726154963383,"ac_load_shed":1.9809189873734359,"prob":0.08424000000000004,"iterations":157,"k":3}]}