{"solution":[{"expected_load_shed":5.402553857769011e-6,"time":3.723660748,"model":"PowerModels.GenericPowerModel{PowerModels.StandardDCPForm}","load_shed":22.94619999999999,"lines":[18,12,2,21,25,26,29,34,35,22,4,5,38,20,23,13,31,27],"cut":"DC","expected_ac_load_shed":5.437712944803429e-6,"ac_load_shed":23.09553075433371,"prob":2.3544438110750418e-7,"iterations":3,"k":18},{"expected_load_shed":5.437712834697636e-6,"time":0.912604083,"model":"PowerModels.GenericPowerModel{PowerModels.SOCWRForm}","load_shed":23.095530286682738,"lines":[18,12,2,21,25,26,29,34,35,22,4,5,38,20,23,13,31,27],"cut":"DC","expected_ac_load_shed":5.437712944803429e-6,"ac_load_shed":23.09553075433371,"prob":2.3544438110750418e-7,"iterations":3,"k":18}]}