{"solution":[{"expected_load_shed":0.00010380728495210693,"time":4.41569068,"model":"PowerModels.GenericPowerModel{PowerModels.StandardDCPForm}","load_shed":8.442094692741083,"lines":[18,12,2,21,25,22,4,5,38,20,23,13,31,27],"cut":"DC","expected_ac_load_shed":0.00010781114606389498,"ac_load_shed":8.76770743425429,"prob":1.2296389549073099e-5,"iterations":10,"k":14},{"expected_load_shed":0.00010550377825226155,"time":1.553461386,"model":"PowerModels.GenericPowerModel{PowerModels.SOCWRForm}","load_shed":10.844423563583572,"lines":[18,12,2,21,25,26,22,5,38,20,23,13,31,27],"cut":"DC","expected_ac_load_shed":8.347414272892985e-5,"ac_load_shed":8.580062016311164,"prob":9.72885074376397e-6,"iterations":7,"k":14}]}