{"solution":[{"expected_load_shed":0.006589501853827955,"time":10.884666257,"model":"PowerModels.GenericPowerModel{PowerModels.StandardDCPForm}","load_shed":7.558319845661627,"lines":[33,110,101,100,62,21,19,22,72,63],"cut":"DC","expected_ac_load_shed":0.006479240960036727,"ac_load_shed":7.4318479028305475,"prob":0.0008718209851373568,"iterations":27,"k":10},{"expected_load_shed":0.006342135260440838,"time":4.882573617,"model":"PowerModels.GenericPowerModel{PowerModels.SOCWRForm}","load_shed":6.345913973385563,"lines":[33,110,101,100,62,21,19,22,72,63],"cut":"DC","expected_ac_load_shed":0.007427422563944544,"ac_load_shed":7.4318479028305475,"prob":0.000999404543937946,"iterations":10,"k":10}]}