{"solution":[{"expected_load_shed":6.875631965314349e-6,"time":4.736510456,"model":"PowerModels.GenericPowerModel{PowerModels.StandardDCPForm}","load_shed":10.780000000000001,"lines":[18,12,2,21,25,26,34,35,22,4,28,5,38,20,13,31,27],"cut":"DC","expected_ac_load_shed":6.984734480870026e-6,"ac_load_shed":10.951057020448946,"prob":6.378137259104219e-7,"iterations":14,"k":17},{"expected_load_shed":6.9847336964294e-6,"time":1.127045699,"model":"PowerModels.GenericPowerModel{PowerModels.SOCWRForm}","load_shed":10.951055790559117,"lines":[18,12,2,21,25,26,34,35,22,4,28,5,38,20,13,31,27],"cut":"DC","expected_ac_load_shed":6.984734480870014e-6,"ac_load_shed":10.951057020448946,"prob":6.378137259104208e-7,"iterations":6,"k":17}]}