{"solution":[{"expected_load_shed":0.057391189372108777,"time":452.84062824,"model":"PowerModels.GenericPowerModel{PowerModels.StandardDCPForm}","load_shed":12.727199999999998,"lines":[106,84,110,99,100,81,97],"cut":"DC","expected_ac_load_shed":0.07096758536183503,"ac_load_shed":15.737932290633044,"prob":0.004509333503999999,"iterations":171,"k":7},{"expected_load_shed":0.07576863216711796,"time":642.657477208,"model":"PowerModels.GenericPowerModel{PowerModels.SOCWRForm}","load_shed":12.468915022349947,"lines":[2,110,99,100,81,62,22],"cut":"DC","expected_ac_load_shed":0.061293060019617,"ac_load_shed":10.08673292608378,"prob":0.006076601855999999,"iterations":375,"k":7}]}