{"solution":[{"expected_load_shed":0.10621985587199997,"time":5.431513613,"model":"PowerModels.GenericPowerModel{PowerModels.StandardDCPForm}","load_shed":13.724210526315778,"lines":[18,2,21,5,20,27],"cut":"DC","expected_ac_load_shed":0.10156816372668334,"ac_load_shed":13.123185399875517,"prob":0.007739596800000005,"iterations":17,"k":6},{"expected_load_shed":0.1178267882736759,"time":2.031347098,"model":"PowerModels.GenericPowerModel{PowerModels.SOCWRForm}","load_shed":15.22389231874144,"lines":[18,2,21,20,23,31],"cut":"DC","expected_ac_load_shed":0.10607001574332424,"ac_load_shed":13.70485032803313,"prob":0.007739596800000005,"iterations":9,"k":6}]}