{"solution":[{"expected_load_shed":0.014728648135219199,"time":4.183985536,"model":"PowerModels.GenericPowerModel{PowerModels.StandardDCPForm}","load_shed":9.121666666666668,"lines":[18,2,21,22,20,23,31,27],"cut":"DC","expected_ac_load_shed":0.013737656505120011,"ac_load_shed":8.50793109255066,"prob":0.0016146882662399996,"iterations":8,"k":8},{"expected_load_shed":0.014882456106169872,"time":1.166857647,"model":"PowerModels.GenericPowerModel{PowerModels.SOCWRForm}","load_shed":8.685176676196278,"lines":[18,2,21,22,20,23,31,27],"cut":"DC","expected_ac_load_shed":0.014578737515637567,"ac_load_shed":8.50793109255066,"prob":0.0017135467315200002,"iterations":4,"k":8}]}