{"solution":[{"expected_load_shed":0.19412932603162236,"time":5.475985455,"model":"PowerModels.GenericPowerModel{PowerModels.StandardDCPForm}","load_shed":12.724838779582102,"lines":[18,21,5,20,23],"cut":"DC","expected_ac_load_shed":0.21610035153548154,"ac_load_shed":14.16500118612728,"prob":0.015255935999999977,"iterations":12,"k":5},{"expected_load_shed":0.21819772012338978,"time":2.389060996,"model":"PowerModels.GenericPowerModel{PowerModels.SOCWRForm}","load_shed":10.85929040033624,"lines":[18,2,21,20,23],"cut":"DC","expected_ac_load_shed":0.27537407933363006,"ac_load_shed":13.70485032803313,"prob":0.020093184000000004,"iterations":14,"k":5}]}