{"solution":[{"expected_load_shed":0.2202908431415728,"time":25.306331579,"model":"PowerModels.GenericPowerModel{PowerModels.StandardDCPForm}","load_shed":5.403523428708124,"lines":[25,21,19,22],"cut":"DC","expected_ac_load_shed":0.2863543392520842,"ac_load_shed":7.023997724982442,"prob":0.040768,"iterations":47,"k":4},{"expected_load_shed":0.2198149121882324,"time":26.952498479,"model":"PowerModels.GenericPowerModel{PowerModels.SOCWRForm}","load_shed":6.9526477792330565,"lines":[99,100,102,97],"cut":"DC","expected_ac_load_shed":0.22112117360316405,"ac_load_shed":6.993964246051492,"prob":0.03161600000000001,"iterations":49,"k":4}]}