{"solution":[{"expected_load_shed":0.5240347889354451,"time":6.036800278,"model":"PowerModels.GenericPowerModel{PowerModels.StandardDCPForm}","load_shed":5.4122406524771245,"lines":[18,21,20],"cut":"DC","expected_ac_load_shed":0.804576531796945,"ac_load_shed":8.309680779527236,"prob":0.096824,"iterations":14,"k":3},{"expected_load_shed":0.6647994874656722,"time":2.259559877,"model":"PowerModels.GenericPowerModel{PowerModels.SOCWRForm}","load_shed":8.57584478154892,"lines":[18,21,23],"cut":"DC","expected_ac_load_shed":0.6784265806575676,"ac_load_shed":8.751632877419603,"prob":0.07751999999999999,"iterations":11,"k":3}]}