{"solution":[{"expected_load_shed":0.007069751104905223,"time":4.467477271,"model":"PowerModels.GenericPowerModel{PowerModels.StandardDCPForm}","load_shed":8.981333333333342,"lines":[18,2,21,22,5,20,23,31,27],"cut":"DC","expected_ac_load_shed":0.0067058639237752215,"ac_load_shed":8.519055097372812,"prob":0.0007871605297920001,"iterations":7,"k":9},{"expected_load_shed":0.007152921117559616,"time":0.99417734,"model":"PowerModels.GenericPowerModel{PowerModels.SOCWRForm}","load_shed":8.519054619626448,"lines":[18,2,21,22,5,20,23,31,27],"cut":"DC","expected_ac_load_shed":0.007152921518693569,"ac_load_shed":8.519055097372812,"prob":0.0008396378984448,"iterations":4,"k":9}]}