{"solution":[{"expected_load_shed":0.030058465582080005,"time":5.620833494,"model":"PowerModels.GenericPowerModel{PowerModels.StandardDCPForm}","load_shed":7.045306122448981,"lines":[18,2,21,20,23,31,27],"cut":"DC","expected_ac_load_shed":0.03629868588734244,"ac_load_shed":8.507931092510862,"prob":0.004266452736,"iterations":6,"k":7},{"expected_load_shed":0.030372357748673414,"time":2.005706803,"model":"PowerModels.GenericPowerModel{PowerModels.SOCWRForm}","load_shed":7.267188252233991,"lines":[18,2,21,20,23,31,27],"cut":"DC","expected_ac_load_shed":0.0355578963794375,"ac_load_shed":8.507931092510862,"prob":0.004179382272000001,"iterations":6,"k":7}]}