{"solution":[{"expected_load_shed":0.059731593143039975,"time":309.758276643,"model":"PowerModels.GenericPowerModel{PowerModels.StandardDCPForm}","load_shed":5.159999999999996,"lines":[106,110,101,100,102,72],"cut":"DC","expected_ac_load_shed":0.061143907434455726,"ac_load_shed":5.2820048111935245,"prob":0.011575890144000005,"iterations":123,"k":6},{"expected_load_shed":0.061143117693734414,"time":92.701321511,"model":"PowerModels.GenericPowerModel{PowerModels.SOCWRForm}","load_shed":5.381595769211273,"lines":[106,33,101,100,102,72],"cut":"DC","expected_ac_load_shed":0.06001161285233614,"ac_load_shed":5.282004811193524,"prob":0.011361521808,"iterations":64,"k":6}]}