{"solution":[{"expected_load_shed":0.07211368963162335,"time":32.942802617,"model":"PowerModels.GenericPowerModel{PowerModels.StandardDCPForm}","load_shed":6.299429307686242,"lines":[110,62,21,19,22,63],"cut":"DC","expected_ac_load_shed":0.06970445090019374,"ac_load_shed":6.088972331326996,"prob":0.011447654399999998,"iterations":43,"k":6},{"expected_load_shed":0.06952445075288816,"time":52.325713549,"model":"PowerModels.GenericPowerModel{PowerModels.SOCWRForm}","load_shed":5.650020207775936,"lines":[110,101,100,21,19,22],"cut":"DC","expected_ac_load_shed":0.07503617847301584,"ac_load_shed":6.097939934738849,"prob":0.012305168512000003,"iterations":65,"k":6}]}