{"solution":[{"expected_load_shed":0.11061406137600004,"time":5.701637859,"model":"PowerModels.GenericPowerModel{PowerModels.StandardDCPForm}","load_shed":8.533349999999993,"lines":[21,22,23,31,27],"cut":"DC","expected_ac_load_shed":0.06847906704737122,"ac_load_shed":5.28283510721425,"prob":0.012962560000000014,"iterations":12,"k":5},{"expected_load_shed":0.11324583788432618,"time":1.068193546,"model":"PowerModels.GenericPowerModel{PowerModels.SOCWRForm}","load_shed":5.202491530736585,"lines":[21,22,23,31,27],"cut":"DC","expected_ac_load_shed":0.11499472600515864,"ac_load_shed":5.28283510721425,"prob":0.021767616000000004,"iterations":4,"k":5}]}