{"solution":[{"expected_load_shed":0.2875080000000001,"time":68.394027707,"model":"PowerModels.GenericPowerModel{PowerModels.StandardDCPForm}","load_shed":1.9400000000000002,"lines":[25,20],"cut":"DC","expected_ac_load_shed":0.28750789435147217,"ac_load_shed":1.939999287121944,"prob":0.14820000000000003,"iterations":98,"k":2},{"expected_load_shed":0.28750800047582653,"time":69.903192293,"model":"PowerModels.GenericPowerModel{PowerModels.SOCWRForm}","load_shed":1.7530975638769908,"lines":[64,60],"cut":"DC","expected_ac_load_shed":0.31815988322968825,"ac_load_shed":1.9399992879859036,"prob":0.16400000000000003,"iterations":118,"k":2}]}