{"solution":[{"expected_load_shed":4.2840021365090256e-5,"time":14.502278948,"model":"PowerModels.GenericPowerModel{PowerModels.StandardDCPForm}","load_shed":11.525853658536587,"lines":[18,12,2,21,25,26,34,35,22,28,5,38,20,13,31],"cut":"DC","expected_ac_load_shed":4.036633321757734e-5,"ac_load_shed":10.86032253421451,"prob":3.716863204606188e-6,"iterations":21,"k":15},{"expected_load_shed":4.3319954531526354e-5,"time":2.38045721,"model":"PowerModels.GenericPowerModel{PowerModels.SOCWRForm}","load_shed":9.033286238029614,"lines":[18,12,2,21,25,26,34,35,22,28,5,38,20,13,31],"cut":"DC","expected_ac_load_shed":5.208167503861858e-5,"ac_load_shed":10.86032253421451,"prob":4.79559192413851e-6,"iterations":8,"k":15}]}