{"solution":[{"expected_load_shed":0.006695272602198836,"time":4.094425234,"model":"PowerModels.GenericPowerModel{PowerModels.StandardDCPForm}","load_shed":19.118947368421054,"lines":[18,2,21,22,5,38,20,23,31,27],"cut":"DC","expected_ac_load_shed":0.00629594504438117,"ac_load_shed":17.97863195270987,"prob":0.00035019044057088,"iterations":3,"k":10},{"expected_load_shed":0.006790827160376477,"time":1.089841848,"model":"PowerModels.GenericPowerModel{PowerModels.SOCWRForm}","load_shed":18.38137382835081,"lines":[18,2,21,22,5,38,20,23,31,27],"cut":"DC","expected_ac_load_shed":0.006642037929861771,"ac_load_shed":17.97863195270987,"prob":0.00036944067531571195,"iterations":2,"k":10}]}