{"solution":[{"expected_load_shed":0.01673527082090679,"time":367.342066652,"model":"PowerModels.GenericPowerModel{PowerModels.StandardDCPForm}","load_shed":12.727199999999897,"lines":[106,33,84,110,99,100,81,72,97],"cut":"DC","expected_ac_load_shed":0.020716971999927503,"ac_load_shed":15.755290061280789,"prob":0.0013149216497664001,"iterations":181,"k":9},{"expected_load_shed":0.022308884787070722,"time":132.739138881,"model":"PowerModels.GenericPowerModel{PowerModels.SOCWRForm}","load_shed":9.501970565110753,"lines":[2,33,110,99,100,81,22,72,97],"cut":"DC","expected_ac_load_shed":0.031010018302355728,"ac_load_shed":13.208023796120012,"prob":0.002347816659102721,"iterations":174,"k":9}]}