{"solution":[{"expected_load_shed":0.0005554442282152114,"time":4.1163917,"model":"PowerModels.GenericPowerModel{PowerModels.StandardDCPForm}","load_shed":18.045365853658584,"lines":[18,12,2,21,22,4,5,38,20,23,13,31,27],"cut":"DC","expected_ac_load_shed":0.0006038915530626496,"ac_load_shed":19.61933072194475,"prob":3.0780435970080295e-5,"iterations":5,"k":13},{"expected_load_shed":0.0005597043599762409,"time":0.951223736,"model":"PowerModels.GenericPowerModel{PowerModels.SOCWRForm}","load_shed":19.619330501918782,"lines":[18,12,2,21,22,4,5,38,20,23,13,31,27],"cut":"DC","expected_ac_load_shed":0.0005597043662531878,"ac_load_shed":19.61933072194475,"prob":2.8528208947879315e-5,"iterations":3,"k":13}]}