{"solution":[{"expected_load_shed":0.009108775958390795,"time":1129.016858287,"model":"PowerModels.GenericPowerModel{PowerModels.StandardDCPForm}","load_shed":8.420000000000009,"lines":[25,29,33,110,21,19,22,119,72],"cut":"DC","expected_ac_load_shed":0.009198005316855684,"ac_load_shed":8.502482125118288,"prob":0.0010818023703552003,"iterations":207,"k":9},{"expected_load_shed":0.009198005512963599,"time":163.963992795,"model":"PowerModels.GenericPowerModel{PowerModels.SOCWRForm}","load_shed":7.207755801341389,"lines":[25,29,33,110,21,19,22,119,72],"cut":"DC","expected_ac_load_shed":0.01085023960525384,"ac_load_shed":8.502482125118288,"prob":0.0012761261294745609,"iterations":101,"k":9}]}