{"solution":[{"expected_load_shed":0.014878383560441853,"time":4.017973079,"model":"PowerModels.GenericPowerModel{PowerModels.StandardDCPForm}","load_shed":15.751111111111102,"lines":[18,2,21,22,5,20,23,31,27],"cut":"DC","expected_ac_load_shed":0.016982483343378783,"ac_load_shed":17.97863195269103,"prob":0.0009445926357504003,"iterations":2,"k":9},{"expected_load_shed":0.015090727826993042,"time":0.919093093,"model":"PowerModels.GenericPowerModel{PowerModels.SOCWRForm}","load_shed":17.97289981186473,"lines":[18,2,21,22,5,20,23,31,27],"cut":"DC","expected_ac_load_shed":0.015095540749670025,"ac_load_shed":17.97863195269103,"prob":0.0008396378984448,"iterations":2,"k":9}]}