{"solution":[{"expected_load_shed":0.0006188426864078441,"time":4.391434101,"model":"PowerModels.GenericPowerModel{PowerModels.StandardDCPForm}","load_shed":8.042026266416528,"lines":[18,12,2,21,22,5,38,20,23,13,31,27],"cut":"DC","expected_ac_load_shed":0.0006602451237937641,"ac_load_shed":8.580062016477571,"prob":7.695108992520067e-5,"iterations":7,"k":12},{"expected_load_shed":0.0006276250840571168,"time":1.01764616,"model":"PowerModels.GenericPowerModel{PowerModels.SOCWRForm}","load_shed":9.68006920762755,"lines":[18,12,2,21,22,5,38,20,23,13,31,27],"cut":"DC","expected_ac_load_shed":0.0005563040954359885,"ac_load_shed":8.580062016477571,"prob":6.483683851790755e-5,"iterations":3,"k":12}]}