{"solution":[{"expected_load_shed":0.5523562200000001,"time":41.331899419,"model":"PowerModels.GenericPowerModel{PowerModels.StandardDCPForm}","load_shed":3.7271,"lines":[25,20],"cut":"DC","expected_ac_load_shed":1.2477658109139367,"ac_load_shed":8.419472408326158,"prob":0.14820000000000003,"iterations":76,"k":2},{"expected_load_shed":1.4462057123431094,"time":19.418892813,"model":"PowerModels.GenericPowerModel{PowerModels.SOCWRForm}","load_shed":6.916335305323336,"lines":[99,100],"cut":"DC","expected_ac_load_shed":1.5533210077876385,"ac_load_shed":7.428603576220175,"prob":0.20909999999999998,"iterations":42,"k":2}]}