{"solution":[{"expected_load_shed":0.05893816780800003,"time":8.046277512,"model":"PowerModels.GenericPowerModel{PowerModels.StandardDCPForm}","load_shed":8.20410256410257,"lines":[18,21,20,23,31,27],"cut":"DC","expected_ac_load_shed":0.061078913596582324,"ac_load_shed":8.50209109456408,"prob":0.0071839871999999985,"iterations":11,"k":6},{"expected_load_shed":0.05951277849065319,"time":1.916478749,"model":"PowerModels.GenericPowerModel{PowerModels.SOCWRForm}","load_shed":8.668797435183148,"lines":[18,21,20,23,31,27],"cut":"DC","expected_ac_load_shed":0.05836831092217777,"ac_load_shed":8.50209109456408,"prob":0.006865171199999997,"iterations":7,"k":6}]}