{"solution":[{"expected_load_shed":0.0012962047757856955,"time":3.990271747,"model":"PowerModels.GenericPowerModel{PowerModels.StandardDCPForm}","load_shed":19.99179487179486,"lines":[18,12,2,21,22,5,38,20,23,13,31,27],"cut":"DC","expected_ac_load_shed":0.001166415816882844,"ac_load_shed":17.990016841439406,"prob":6.483683851790755e-5,"iterations":3,"k":12},{"expected_load_shed":0.0013156522525204803,"time":1.07079482,"model":"PowerModels.GenericPowerModel{PowerModels.SOCWRForm}","load_shed":20.291739736154856,"lines":[18,12,2,21,22,5,38,20,23,13,31,27],"cut":"DC","expected_ac_load_shed":0.001166415816882844,"ac_load_shed":17.990016841439406,"prob":6.483683851790755e-5,"iterations":4,"k":12}]}