{"solution":[{"expected_load_shed":0.20484085440000002,"time":40.198549582,"model":"PowerModels.GenericPowerModel{PowerModels.StandardDCPForm}","load_shed":3.555020576131686,"lines":[106,101,100,102],"cut":"DC","expected_ac_load_shed":0.3043499623417408,"ac_load_shed":5.2820048111935245,"prob":0.057620160000000024,"iterations":50,"k":4},{"expected_load_shed":0.2096814736542894,"time":10.518784544,"model":"PowerModels.GenericPowerModel{PowerModels.SOCWRForm}","load_shed":4.442170700655757,"lines":[106,101,100,102],"cut":"DC","expected_ac_load_shed":0.24932372646026615,"ac_load_shed":5.2820048111935245,"prob":0.047202480000000005,"iterations":22,"k":4}]}