{"solution":[{"expected_load_shed":0.000618842686407844,"time":4.629610034,"model":"PowerModels.GenericPowerModel{PowerModels.StandardDCPForm}","load_shed":11.749325681492124,"lines":[18,12,2,21,22,5,38,20,23,13,31,27],"cut":"DC","expected_ac_load_shed":0.0004519160309077568,"ac_load_shed":8.580062016476944,"prob":5.267048536944233e-5,"iterations":6,"k":12},{"expected_load_shed":0.0006276251008837218,"time":0.957580689,"model":"PowerModels.GenericPowerModel{PowerModels.SOCWRForm}","load_shed":9.680069467149844,"lines":[18,12,2,21,22,5,38,20,23,13,31,27],"cut":"DC","expected_ac_load_shed":0.0005563040954359479,"ac_load_shed":8.580062016476944,"prob":6.483683851790755e-5,"iterations":3,"k":12}]}