{"solution":[{"expected_load_shed":0.10627998031872074,"time":201.536856672,"model":"PowerModels.GenericPowerModel{PowerModels.StandardDCPForm}","load_shed":12.727200000000078,"lines":[2,29,21,19,22,5],"cut":"DC","expected_ac_load_shed":0.13128554188115574,"ac_load_shed":15.721656549230037,"prob":0.008350617600000007,"iterations":142,"k":6},{"expected_load_shed":0.14099732628649164,"time":293.671283288,"model":"PowerModels.GenericPowerModel{PowerModels.SOCWRForm}","load_shed":12.484764251029318,"lines":[2,110,81,21,22,72],"cut":"DC","expected_ac_load_shed":0.10731061694130752,"ac_load_shed":9.501937302147926,"prob":0.011293551360000008,"iterations":276,"k":6}]}