{"solution":[{"expected_load_shed":0.5205463497225439,"time":45.990721594,"model":"PowerModels.GenericPowerModel{PowerModels.StandardDCPForm}","load_shed":4.970460141724694,"lines":[99,100,97],"cut":"DC","expected_ac_load_shed":1.1339399723671206,"ac_load_shed":10.82747662866779,"prob":0.10472800000000002,"iterations":58,"k":3},{"expected_load_shed":0.8523235110808347,"time":36.28106536,"model":"PowerModels.GenericPowerModel{PowerModels.SOCWRForm}","load_shed":7.588350347941902,"lines":[100,102,97],"cut":"DC","expected_ac_load_shed":1.2776677595925543,"ac_load_shed":11.375247147369604,"prob":0.11232000000000003,"iterations":70,"k":3}]}