{"solution":[{"expected_load_shed":0.030364048082534408,"time":3.902448196,"model":"PowerModels.GenericPowerModel{PowerModels.StandardDCPForm}","load_shed":14.826938775510206,"lines":[18,2,21,5,20,23,31,27],"cut":"DC","expected_ac_load_shed":0.03681839207236592,"ac_load_shed":17.978631952691025,"prob":0.0020478973132800004,"iterations":4,"k":8},{"expected_load_shed":0.030797402933700042,"time":1.141707012,"model":"PowerModels.GenericPowerModel{PowerModels.SOCWRForm}","load_shed":13.367598608034841,"lines":[18,2,21,5,20,23,31,27],"cut":"DC","expected_ac_load_shed":0.04142069108141168,"ac_load_shed":17.978631952691025,"prob":0.0023038844774400016,"iterations":7,"k":8}]}