{"solution":[{"expected_load_shed":0.35001329854150326,"time":38.494321579,"model":"PowerModels.GenericPowerModel{PowerModels.StandardDCPForm}","load_shed":6.6091522052865015,"lines":[25,21,19,22],"cut":"DC","expected_ac_load_shed":0.8157659054846842,"ac_load_shed":15.403760530522627,"prob":0.05295888000000001,"iterations":53,"k":4},{"expected_load_shed":0.47476418541050686,"time":81.871433384,"model":"PowerModels.GenericPowerModel{PowerModels.SOCWRForm}","load_shed":8.444395568501287,"lines":[99,100,81,97],"cut":"DC","expected_ac_load_shed":0.6616060102438359,"ac_load_shed":11.76765862438878,"prob":0.05622240000000001,"iterations":119,"k":4}]}