{"solution":[{"expected_load_shed":0.017095181957538046,"time":1030.627350296,"model":"PowerModels.GenericPowerModel{PowerModels.StandardDCPForm}","load_shed":6.412470690403822,"lines":[106,33,110,101,100,102,119,72],"cut":"DC","expected_ac_load_shed":0.014081441882155139,"ac_load_shed":5.282004811193523,"prob":0.0026659275001631993,"iterations":208,"k":8},{"expected_load_shed":0.01749916028031598,"time":121.711957405,"model":"PowerModels.GenericPowerModel{PowerModels.SOCWRForm}","load_shed":4.7660850940388,"lines":[106,33,110,101,100,102,119,72],"cut":"DC","expected_ac_load_shed":0.01939341135727593,"ac_load_shed":5.282004811193523,"prob":0.0036716004718848018,"iterations":99,"k":8}]}