{"solution":[{"expected_load_shed":2.681496466472592e-6,"time":3.77669412,"model":"PowerModels.GenericPowerModel{PowerModels.StandardDCPForm}","load_shed":12.690696594427253,"lines":[18,12,2,21,25,26,34,35,19,22,4,28,5,38,20,13,31,27],"cut":"DC","expected_ac_load_shed":2.365360535483341e-6,"ac_load_shed":11.194522635988667,"prob":2.1129623945545217e-7,"iterations":7,"k":18},{"expected_load_shed":2.7846063599580267e-6,"time":1.060762311,"model":"PowerModels.GenericPowerModel{PowerModels.SOCWRForm}","load_shed":11.489109086063994,"lines":[18,12,2,21,25,26,34,35,19,22,4,28,5,38,20,13,31,27],"cut":"DC","expected_ac_load_shed":2.7132076730544247e-6,"ac_load_shed":11.194522635988667,"prob":2.423692158459602e-7,"iterations":4,"k":18}]}