{"solution":[{"expected_load_shed":0.11855460970527647,"time":4.197386308,"model":"PowerModels.GenericPowerModel{PowerModels.StandardDCPForm}","load_shed":5.581373864973786,"lines":[18,21,20,23,31],"cut":"DC","expected_ac_load_shed":0.14834434005667244,"ac_load_shed":6.983829854169268,"prob":0.02124111599999999,"iterations":4,"k":5},{"expected_load_shed":0.1193518802617158,"time":1.151796683,"model":"PowerModels.GenericPowerModel{PowerModels.SOCWRForm}","load_shed":7.12790249241031,"lines":[18,21,20,23,31],"cut":"DC","expected_ac_load_shed":0.11693948190376355,"ac_load_shed":6.983829854169268,"prob":0.01674432,"iterations":5,"k":5}]}