{"solution":[{"expected_load_shed":0.060462850949691005,"time":4.242075768,"model":"PowerModels.GenericPowerModel{PowerModels.StandardDCPForm}","load_shed":7.051280529332812,"lines":[18,2,21,20,23,31],"cut":"DC","expected_ac_load_shed":0.060087144564552365,"ac_load_shed":7.007465011594847,"prob":0.008574733440000006,"iterations":4,"k":6},{"expected_load_shed":0.061074104227099385,"time":1.548349134,"model":"PowerModels.GenericPowerModel{PowerModels.SOCWRForm}","load_shed":8.725143259753246,"lines":[18,2,21,20,23,31],"cut":"DC","expected_ac_load_shed":0.0490507302567774,"ac_load_shed":7.007465011594847,"prob":0.006999782399999999,"iterations":5,"k":6}]}