{"solution":[{"expected_load_shed":0.11061406137599993,"time":118.005919604,"model":"PowerModels.GenericPowerModel{PowerModels.StandardDCPForm}","load_shed":5.159999999999996,"lines":[106,110,101,100,102],"cut":"DC","expected_ac_load_shed":0.11322945821195517,"ac_load_shed":5.282004811193532,"prob":0.021436833600000003,"iterations":93,"k":5},{"expected_load_shed":0.11322799575972785,"time":19.10653694,"model":"PowerModels.GenericPowerModel{PowerModels.SOCWRForm}","load_shed":5.08374009480285,"lines":[106,33,101,100,102],"cut":"DC","expected_ac_load_shed":0.11764386204087325,"ac_load_shed":5.28200481119317,"prob":0.022272577600000003,"iterations":35,"k":5}]}