{"solution":[{"expected_load_shed":0.21954557352828977,"time":4.116769305,"model":"PowerModels.GenericPowerModel{PowerModels.StandardDCPForm}","load_shed":4.343652531028208,"lines":[18,21,20,23],"cut":"DC","expected_ac_load_shed":0.35299069614846806,"ac_load_shed":6.983829854156141,"prob":0.050544000000000006,"iterations":4,"k":4},{"expected_load_shed":0.2210220028005221,"time":1.018014494,"model":"PowerModels.GenericPowerModel{PowerModels.SOCWRForm}","load_shed":5.17839075387338,"lines":[18,21,20,23],"cut":"DC","expected_ac_load_shed":0.2980810323031508,"ac_load_shed":6.983829854156141,"prob":0.04268160000000001,"iterations":5,"k":4}]}