{"solution":[{"expected_load_shed":0.2048408544,"time":6.875654894,"model":"PowerModels.GenericPowerModel{PowerModels.StandardDCPForm}","load_shed":5.233071895424835,"lines":[23,27,21,22],"cut":"DC","expected_ac_load_shed":0.2067887616759434,"ac_load_shed":5.282835107214256,"prob":0.03914352000000001,"iterations":5,"k":4},{"expected_load_shed":0.20971452595670143,"time":2.608600557,"model":"PowerModels.GenericPowerModel{PowerModels.SOCWRForm}","load_shed":7.104150608289344,"lines":[23,27,21,22],"cut":"DC","expected_ac_load_shed":0.15594929236496483,"ac_load_shed":5.282835107214256,"prob":0.029519999999999998,"iterations":5,"k":4}]}