{"solution":[{"expected_load_shed":0.041847672190646466,"time":12.634571762,"model":"PowerModels.GenericPowerModel{PowerModels.StandardDCPForm}","load_shed":5.207360963626268,"lines":[101,100,62,21,19,22,63],"cut":"DC","expected_ac_load_shed":0.0597394248812535,"ac_load_shed":7.43374082311931,"prob":0.008036253388800006,"iterations":21,"k":7},{"expected_load_shed":0.04027195114698524,"time":10.09851985,"model":"PowerModels.GenericPowerModel{PowerModels.SOCWRForm}","load_shed":6.076670214769245,"lines":[101,100,62,21,19,22,63],"cut":"DC","expected_ac_load_shed":0.049265672924028996,"ac_load_shed":7.43374082311931,"prob":0.006627305699279999,"iterations":22,"k":7}]}