{"solution":[{"expected_load_shed":0.000227732133568236,"time":4.158110676,"model":"PowerModels.GenericPowerModel{PowerModels.StandardDCPForm}","load_shed":19.470000000000006,"lines":[18,12,2,21,26,22,4,5,38,20,23,13,31,27],"cut":"DC","expected_ac_load_shed":0.00022947879016380624,"ac_load_shed":19.61933072194471,"prob":1.1696565668630505e-5,"iterations":4,"k":14},{"expected_load_shed":0.00022947878963226035,"time":1.031003226,"model":"PowerModels.GenericPowerModel{PowerModels.SOCWRForm}","load_shed":19.6193306765001,"lines":[18,12,2,21,25,22,4,5,38,20,23,13,31,27],"cut":"DC","expected_ac_load_shed":0.00022947879016380624,"ac_load_shed":19.61933072194471,"prob":1.1696565668630505e-5,"iterations":4,"k":14}]}