{"solution":[{"expected_load_shed":0.00025372550142721616,"time":4.864673527,"model":"PowerModels.GenericPowerModel{PowerModels.StandardDCPForm}","load_shed":8.460000000000008,"lines":[18,12,2,21,26,22,5,38,20,23,13,31,27],"cut":"DC","expected_ac_load_shed":0.00025732630465809394,"ac_load_shed":8.580062016477939,"prob":2.9991194022129544e-5,"iterations":13,"k":13},{"expected_load_shed":0.0002573262789920547,"time":1.445453077,"model":"PowerModels.GenericPowerModel{PowerModels.SOCWRForm}","load_shed":8.580061160692097,"lines":[18,12,2,21,26,22,5,38,20,23,13,31,27],"cut":"DC","expected_ac_load_shed":0.00025732630465809394,"ac_load_shed":8.580062016477939,"prob":2.9991194022129544e-5,"iterations":5,"k":13}]}