{"solution":[{"expected_load_shed":4.0067857162454187e-7,"time":4.112420074,"model":"PowerModels.GenericPowerModel{PowerModels.StandardDCPForm}","load_shed":12.845177568990321,"lines":[18,12,2,21,25,26,34,35,19,22,6,4,28,5,38,20,23,13,31,27],"cut":"DC","expected_ac_load_shed":3.491921007326995e-7,"ac_load_shed":11.194595511844298,"prob":3.1192918079375114e-8,"iterations":6,"k":20},{"expected_load_shed":4.020999312507987e-7,"time":0.959906914,"model":"PowerModels.GenericPowerModel{PowerModels.SOCWRForm}","load_shed":12.890744642367434,"lines":[18,12,2,21,25,26,34,35,19,22,6,4,28,5,38,20,23,13,31,27],"cut":"DC","expected_ac_load_shed":3.4919209173523765e-7,"ac_load_shed":11.194595511844298,"prob":3.119291727564247e-8,"iterations":3,"k":20}]}