{"solution":[{"expected_load_shed":0.05701112771328,"time":4.506288718,"model":"PowerModels.GenericPowerModel{PowerModels.StandardDCPForm}","load_shed":12.64291666666667,"lines":[18,2,21,20,23,31,27],"cut":"DC","expected_ac_load_shed":0.07460757870380685,"ac_load_shed":16.545145449460833,"prob":0.004509333503999999,"iterations":10,"k":7},{"expected_load_shed":0.06267144665137303,"time":1.468549885,"model":"PowerModels.GenericPowerModel{PowerModels.SOCWRForm}","load_shed":13.028254397576223,"lines":[18,2,21,5,20,23,31],"cut":"DC","expected_ac_load_shed":0.07235891368619304,"ac_load_shed":15.042102676838873,"prob":0.004810425459839994,"iterations":6,"k":7}]}