{"solution":[{"expected_load_shed":9.337017476297682e-5,"time":3.839107378,"model":"PowerModels.GenericPowerModel{PowerModels.StandardDCPForm}","load_shed":19.469999999999867,"lines":[18,12,2,21,25,26,22,4,5,38,20,23,13,31,27],"cut":"DC","expected_ac_load_shed":9.408630396397188e-5,"ac_load_shed":19.61933072127964,"prob":4.795591924138544e-6,"iterations":5,"k":15},{"expected_load_shed":9.408630030722033e-5,"time":0.949725921,"model":"PowerModels.GenericPowerModel{PowerModels.SOCWRForm}","load_shed":19.61932995875628,"lines":[18,12,2,21,25,26,22,4,5,38,20,23,13,31,27],"cut":"DC","expected_ac_load_shed":9.408630396397119e-5,"ac_load_shed":19.61933072127964,"prob":4.79559192413851e-6,"iterations":3,"k":15}]}