{"solution":[{"expected_load_shed":3.872080897586419e-7,"time":4.1796303,"model":"PowerModels.GenericPowerModel{PowerModels.StandardDCPForm}","load_shed":12.413333333333604,"lines":[18,12,2,21,25,26,34,35,19,22,6,4,28,5,38,20,23,13,31,27],"cut":"DC","expected_ac_load_shed":3.4919210073269283e-7,"ac_load_shed":11.194595511844362,"prob":3.119291807937434e-8,"iterations":6,"k":20},{"expected_load_shed":4.020998493280475e-7,"time":0.950476889,"model":"PowerModels.GenericPowerModel{PowerModels.SOCWRForm}","load_shed":12.890741683892632,"lines":[18,12,2,21,25,26,34,35,19,22,6,4,28,5,38,20,23,13,31,27],"cut":"DC","expected_ac_load_shed":3.4919210073270035e-7,"ac_load_shed":11.194595511844362,"prob":3.119291807937501e-8,"iterations":3,"k":20}]}