{"solution":[{"expected_load_shed":8.006584817213658e-7,"time":4.052922593,"model":"PowerModels.GenericPowerModel{PowerModels.StandardDCPForm}","load_shed":25.645752941176433,"lines":[18,12,2,21,25,26,29,34,35,19,22,6,4,5,38,20,23,13,31,27],"cut":"DC","expected_ac_load_shed":7.223287834180111e-7,"ac_load_shed":23.136787962343167,"prob":3.121992493485503e-8,"iterations":2,"k":20},{"expected_load_shed":8.07308604109776e-7,"time":0.975921306,"model":"PowerModels.GenericPowerModel{PowerModels.SOCWRForm}","load_shed":25.11994009046439,"lines":[18,12,2,21,25,26,29,34,35,19,22,6,4,5,38,20,23,13,31,27],"cut":"DC","expected_ac_load_shed":7.43573747636188e-7,"ac_load_shed":23.136787962343167,"prob":3.21381580211743e-8,"iterations":2,"k":20}]}