{"solution":[{"expected_load_shed":0.55217838,"time":5.989183947,"model":"PowerModels.GenericPowerModel{PowerModels.StandardDCPForm}","load_shed":4.081141019955653,"lines":[19,23],"cut":"DC","expected_ac_load_shed":0.7908039607784659,"ac_load_shed":5.844818631030789,"prob":0.13530000000000003,"iterations":18,"k":2},{"expected_load_shed":1.0696228261223184,"time":2.19553002,"model":"PowerModels.GenericPowerModel{PowerModels.SOCWRForm}","load_shed":5.797413691719884,"lines":[18,23],"cut":"DC","expected_ac_load_shed":1.3337270684408291,"ac_load_shed":7.228872999679291,"prob":0.18449999999999997,"iterations":12,"k":2}]}