{"solution":[{"expected_load_shed":0.0322550602972416,"time":403.308994266,"model":"PowerModels.GenericPowerModel{PowerModels.StandardDCPForm}","load_shed":4.8019591836734685,"lines":[106,33,110,101,100,102,72],"cut":"DC","expected_ac_load_shed":0.035479556813940806,"ac_load_shed":5.2820048111935325,"prob":0.006717062570400002,"iterations":149,"k":7},{"expected_load_shed":0.033017283549089345,"time":67.505057464,"model":"PowerModels.GenericPowerModel{PowerModels.SOCWRForm}","load_shed":5.210833594892829,"lines":[106,33,110,101,100,102,72],"cut":"DC","expected_ac_load_shed":0.03346824406938633,"ac_load_shed":5.2820048111935325,"prob":0.006336276710400001,"iterations":81,"k":7}]}