{"solution":[{"expected_load_shed":0.40114464777518277,"time":7.666970507,"model":"PowerModels.GenericPowerModel{PowerModels.StandardDCPForm}","load_shed":4.127002549127395,"lines":[21,19,22],"cut":"DC","expected_ac_load_shed":0.46059090373841005,"ac_load_shed":4.738589544633848,"prob":0.0972,"iterations":15,"k":3},{"expected_load_shed":0.38603483142545875,"time":11.573466475,"model":"PowerModels.GenericPowerModel{PowerModels.SOCWRForm}","load_shed":4.639841723863686,"lines":[21,19,22],"cut":"DC","expected_ac_load_shed":0.3942506501135362,"ac_load_shed":4.738589544633848,"prob":0.08320000000000001,"iterations":22,"k":3}]}