{"solution":[{"expected_load_shed":0.0031813879972073487,"time":4.888565522,"model":"PowerModels.GenericPowerModel{PowerModels.StandardDCPForm}","load_shed":8.611363636363642,"lines":[18,2,21,22,5,38,20,23,31,27],"cut":"DC","expected_ac_load_shed":0.0031472854681832236,"ac_load_shed":8.519055097259272,"prob":0.00036944067531571195,"iterations":11,"k":10},{"expected_load_shed":0.003218814489477518,"time":0.937583304,"model":"PowerModels.GenericPowerModel{PowerModels.SOCWRForm}","load_shed":8.712669461008385,"lines":[18,2,21,22,5,38,20,23,31,27],"cut":"DC","expected_ac_load_shed":0.0031472854681832236,"ac_load_shed":8.519055097259272,"prob":0.00036944067531571195,"iterations":3,"k":10}]}