{"solution":[{"expected_load_shed":1.756440875968698e-5,"time":7.122921652,"model":"PowerModels.GenericPowerModel{PowerModels.StandardDCPForm}","load_shed":11.290769230769243,"lines":[18,12,2,21,25,26,34,35,22,28,5,38,20,13,31,27],"cut":"DC","expected_ac_load_shed":1.6894827621728916e-5,"ac_load_shed":10.8603484740335,"prob":1.5556432339278547e-6,"iterations":16,"k":16},{"expected_load_shed":1.7761226002778004e-5,"time":1.085787274,"model":"PowerModels.GenericPowerModel{PowerModels.SOCWRForm}","load_shed":10.893107844566,"lines":[18,12,2,21,25,26,34,35,22,28,5,38,20,13,31,27],"cut":"DC","expected_ac_load_shed":1.7707811808037726e-5,"ac_load_shed":10.8603484740335,"prob":1.6305012542070945e-6,"iterations":6,"k":16}]}