{"solution":[{"expected_load_shed":0.012202781210792532,"time":18.524446841,"model":"PowerModels.GenericPowerModel{PowerModels.StandardDCPForm}","load_shed":7.747277841803179,"lines":[33,101,100,62,21,19,22,72,63],"cut":"DC","expected_ac_load_shed":0.011707241142661745,"ac_load_shed":7.432670333626284,"prob":0.0015751056642048008,"iterations":40,"k":9},{"expected_load_shed":0.011744373758015812,"time":7.75769257,"model":"PowerModels.GenericPowerModel{PowerModels.SOCWRForm}","load_shed":6.6381943746142005,"lines":[33,110,101,100,62,21,19,22,63],"cut":"DC","expected_ac_load_shed":0.013148875861327855,"ac_load_shed":7.4320517699458515,"prob":0.0017692120922112005,"iterations":17,"k":9}]}