{"solution":[{"expected_load_shed":1.054417293748797e-6,"time":3.971934952,"model":"PowerModels.GenericPowerModel{PowerModels.StandardDCPForm}","load_shed":12.46737822872597,"lines":[18,12,2,21,25,26,34,35,19,22,6,4,28,5,38,20,13,31,27],"cut":"DC","expected_ac_load_shed":9.467666784531266e-7,"ac_load_shed":11.194522647351238,"prob":8.457410005572174e-8,"iterations":7,"k":19},{"expected_load_shed":1.0581575291433742e-6,"time":0.933014298,"model":"PowerModels.GenericPowerModel{PowerModels.SOCWRForm}","load_shed":11.19459178935237,"lines":[18,12,2,21,25,26,34,35,19,22,4,28,5,38,20,23,13,31,27],"cut":"DC","expected_ac_load_shed":1.0581578778294323e-6,"ac_load_shed":11.1945954782153,"prob":9.452399417992451e-8,"iterations":3,"k":19}]}