{"solution":[{"expected_load_shed":7.114826543514151e-6,"time":4.428251016,"model":"PowerModels.GenericPowerModel{PowerModels.StandardDCPForm}","load_shed":12.035682306678657,"lines":[18,12,2,21,25,26,34,35,22,4,28,5,38,20,13,31,27],"cut":"DC","expected_ac_load_shed":6.530989630042262e-6,"ac_load_shed":11.048043948036568,"prob":5.911444288925855e-7,"iterations":7,"k":17},{"expected_load_shed":7.050826929529276e-6,"time":1.387173061,"model":"PowerModels.GenericPowerModel{PowerModels.SOCWRForm}","load_shed":11.054680454649771,"lines":[18,12,2,21,25,26,34,35,22,4,28,5,38,20,13,31,27],"cut":"DC","expected_ac_load_shed":7.046594074519279e-6,"ac_load_shed":11.048043948036568,"prob":6.378137259104208e-7,"iterations":4,"k":17}]}