{"solution":[{"expected_load_shed":0.0013998107187712355,"time":5.072093764,"model":"PowerModels.GenericPowerModel{PowerModels.StandardDCPForm}","load_shed":8.420000000000009,"lines":[18,2,21,22,5,38,20,23,13,31,27],"cut":"DC","expected_ac_load_shed":0.00141786742185084,"ac_load_shed":8.528612855932224,"prob":0.00016624830389207055,"iterations":9,"k":11},{"expected_load_shed":0.0014178670088199322,"time":1.01611472,"model":"PowerModels.GenericPowerModel{PowerModels.SOCWRForm}","load_shed":8.747292688728658,"lines":[18,2,21,22,5,38,20,23,13,31,27],"cut":"DC","expected_ac_load_shed":0.0013824207363045686,"ac_load_shed":8.528612855932224,"prob":0.00016209209629476873,"iterations":4,"k":11}]}