{"solution":[{"expected_load_shed":0.5521783800000001,"time":4.766714052,"model":"PowerModels.GenericPowerModel{PowerModels.StandardDCPForm}","load_shed":4.0811410199556555,"lines":[19,23],"cut":"DC","expected_ac_load_shed":0.7908039607784656,"ac_load_shed":5.844818631030789,"prob":0.13529999999999998,"iterations":18,"k":2},{"expected_load_shed":1.0696228261223142,"time":1.567306233,"model":"PowerModels.GenericPowerModel{PowerModels.SOCWRForm}","load_shed":5.79741369171986,"lines":[18,23],"cut":"DC","expected_ac_load_shed":1.3337270684408293,"ac_load_shed":7.228872999679291,"prob":0.1845,"iterations":12,"k":2}]}