{"solution":[{"expected_load_shed":0.0013998107187712355,"time":4.329652657,"model":"PowerModels.GenericPowerModel{PowerModels.StandardDCPForm}","load_shed":8.420000000000009,"lines":[18,12,2,21,22,5,38,20,23,31,27],"cut":"DC","expected_ac_load_shed":0.0014178538137083086,"ac_load_shed":8.528531001608222,"prob":0.00016624830389207055,"iterations":8,"k":11},{"expected_load_shed":0.001417845507089486,"time":0.960453087,"model":"PowerModels.GenericPowerModel{PowerModels.SOCWRForm}","load_shed":8.528481036473973,"lines":[18,12,2,21,22,5,38,20,23,31,27],"cut":"DC","expected_ac_load_shed":0.0014178538137083086,"ac_load_shed":8.528531001608222,"prob":0.00016624830389207055,"iterations":3,"k":11}]}