{"solution":[{"expected_load_shed":1.756440875968701e-5,"time":5.485951737,"model":"PowerModels.GenericPowerModel{PowerModels.StandardDCPForm}","load_shed":11.587894736842127,"lines":[18,12,2,21,25,26,34,35,22,28,5,38,20,13,31,27],"cut":"DC","expected_ac_load_shed":1.6461626913478948e-5,"ac_load_shed":10.860348474033154,"prob":1.5157549458784239e-6,"iterations":11,"k":16},{"expected_load_shed":1.7761225759841673e-5,"time":1.109458557,"model":"PowerModels.GenericPowerModel{PowerModels.SOCWRForm}","load_shed":11.138816891711842,"lines":[18,12,2,21,25,26,34,35,22,28,5,38,20,13,31,27],"cut":"DC","expected_ac_load_shed":1.7317198312271614e-5,"ac_load_shed":10.860348474033154,"prob":1.5945343147760536e-6,"iterations":6,"k":16}]}