{"solution":[{"expected_load_shed":0.2048408544000001,"time":4.85050247,"model":"PowerModels.GenericPowerModel{PowerModels.StandardDCPForm}","load_shed":8.217300000000005,"lines":[21,22,23,27],"cut":"DC","expected_ac_load_shed":0.13169051355263203,"ac_load_shed":5.2828351072140585,"prob":0.024928,"iterations":6,"k":4},{"expected_load_shed":0.2097145292861365,"time":1.435179033,"model":"PowerModels.GenericPowerModel{PowerModels.SOCWRForm}","load_shed":7.104150721075085,"lines":[21,22,23,27],"cut":"DC","expected_ac_load_shed":0.155949292364959,"ac_load_shed":5.2828351072140585,"prob":0.029519999999999998,"iterations":5,"k":4}]}