{"solution":[{"expected_load_shed":0.15525432000000006,"time":8.228490746,"model":"PowerModels.GenericPowerModel{PowerModels.StandardDCPForm}","load_shed":2.0336684919262855,"lines":[19,23,31],"cut":"DC","expected_ac_load_shed":0.14810346271920016,"ac_load_shed":1.9399997737725851,"prob":0.07634199999476983,"iterations":38,"k":3},{"expected_load_shed":0.1918173546732016,"time":5.270911723,"model":"PowerModels.GenericPowerModel{PowerModels.SOCWRForm}","load_shed":2.024030333156078,"lines":[21,22,23],"cut":"DC","expected_ac_load_shed":0.1879782383923337,"ac_load_shed":1.983520506408501,"prob":0.09477000000000003,"iterations":32,"k":3},{"expected_load_shed":0.19181735468649516,"time":6.180848846,"model":"PowerModels.GenericPowerModel{PowerModels.SOCWRForm}","load_shed":2.0240303332683562,"lines":[21,22,23],"cut":"AC","expected_ac_load_shed":0.1879782383949336,"ac_load_shed":1.983520506408501,"prob":0.09477000000131078,"iterations":35,"k":3}]}