{"solution":[{"expected_load_shed":0.00025372550142721616,"time":7.916739016,"model":"PowerModels.GenericPowerModel{PowerModels.StandardDCPForm}","load_shed":8.460000000000008,"lines":[18,12,2,21,25,22,5,38,20,23,13,31,27],"cut":"DC","expected_ac_load_shed":0.00025732630465807204,"ac_load_shed":8.580062016477209,"prob":2.9991194022129544e-5,"iterations":18,"k":13},{"expected_load_shed":0.0002573262687135333,"time":1.18216653,"model":"PowerModels.GenericPowerModel{PowerModels.SOCWRForm}","load_shed":9.020063936844588,"lines":[18,12,2,21,25,22,5,38,20,23,13,31,27],"cut":"DC","expected_ac_load_shed":0.00024477380199182456,"ac_load_shed":8.580062016477209,"prob":2.8528208947879315e-5,"iterations":6,"k":13}]}