{"solution":[{"expected_load_shed":0.1943716305201915,"time":160.367578935,"model":"PowerModels.GenericPowerModel{PowerModels.StandardDCPForm}","load_shed":14.994849051436711,"lines":[84,99,100,102,97],"cut":"DC","expected_ac_load_shed":0.21761172291600317,"ac_load_shed":16.787711911536235,"prob":0.012962560000000001,"iterations":101,"k":5},{"expected_load_shed":0.25751285650606226,"time":306.971695164,"model":"PowerModels.GenericPowerModel{PowerModels.SOCWRForm}","load_shed":10.81448793986782,"lines":[84,99,100,81,97],"cut":"DC","expected_ac_load_shed":0.31049898425769135,"ac_load_shed":13.039688837892882,"prob":0.023811840000000008,"iterations":216,"k":5}]}