{"solution":[{"expected_load_shed":0.0029459199449674792,"time":4.011007165,"model":"PowerModels.GenericPowerModel{PowerModels.StandardDCPForm}","load_shed":18.12272727272723,"lines":[18,12,2,21,22,5,38,20,23,31,27],"cut":"DC","expected_ac_load_shed":0.0029226544295774403,"ac_load_shed":17.979602341245844,"prob":0.00016255389713891322,"iterations":4,"k":11},{"expected_load_shed":0.002988454066121552,"time":0.943086638,"model":"PowerModels.GenericPowerModel{PowerModels.SOCWRForm}","load_shed":17.97584694795849,"lines":[18,12,2,21,22,5,38,20,23,31,27],"cut":"DC","expected_ac_load_shed":0.0029890783938860224,"ac_load_shed":17.979602341245844,"prob":0.00016624830389207055,"iterations":3,"k":11}]}