{"solution":[{"expected_load_shed":2.1069960045299146e-6,"time":3.719978792,"model":"PowerModels.GenericPowerModel{PowerModels.StandardDCPForm}","load_shed":23.550047368421065,"lines":[18,12,2,21,25,26,29,34,35,19,22,4,5,38,20,23,13,31,27],"cut":"DC","expected_ac_load_shed":2.0700221517191476e-6,"ac_load_shed":23.136787930237716,"prob":8.946886482085153e-8,"iterations":5,"k":19},{"expected_load_shed":2.1244963692834227e-6,"time":1.037861822,"model":"PowerModels.GenericPowerModel{PowerModels.SOCWRForm}","load_shed":23.136787390219812,"lines":[18,12,2,21,25,26,29,34,35,19,22,4,5,38,20,23,13,31,27],"cut":"DC","expected_ac_load_shed":2.1244964188696535e-6,"ac_load_shed":23.136787930237716,"prob":9.182330863192666e-8,"iterations":4,"k":19}]}