{"solution":[{"expected_load_shed":2.774782351970515e-6,"time":3.733195867,"model":"PowerModels.GenericPowerModel{PowerModels.StandardDCPForm}","load_shed":12.051132476520449,"lines":[18,12,2,21,25,26,34,35,19,22,4,28,5,38,20,13,31,27],"cut":"DC","expected_ac_load_shed":2.577547289402717e-6,"ac_load_shed":11.194522635993184,"prob":2.3025075505365983e-7,"iterations":7,"k":18},{"expected_load_shed":2.784607047802842e-6,"time":1.050010781,"model":"PowerModels.GenericPowerModel{PowerModels.SOCWRForm}","load_shed":11.48911192406804,"lines":[18,12,2,21,25,26,34,35,19,22,4,28,5,38,20,13,31,27],"cut":"DC","expected_ac_load_shed":2.7132076730555195e-6,"ac_load_shed":11.194522635993184,"prob":2.423692158459602e-7,"iterations":4,"k":18}]}