{"solution":[{"expected_load_shed":0.3567120789303878,"time":4.773363366,"model":"PowerModels.GenericPowerModel{PowerModels.StandardDCPForm}","load_shed":3.718074619049403,"lines":[21,22,23],"cut":"DC","expected_ac_load_shed":0.36168466445560626,"ac_load_shed":3.7699047787900133,"prob":0.09593999999429492,"iterations":8,"k":3},{"expected_load_shed":0.36563972747616486,"time":1.74297734,"model":"PowerModels.GenericPowerModel{PowerModels.SOCWRForm}","load_shed":4.1120077314008645,"lines":[21,22,23],"cut":"DC","expected_ac_load_shed":0.33521993293000796,"ac_load_shed":3.7699047787900133,"prob":0.08892,"iterations":8,"k":3}]}