{"solution":[{"expected_load_shed":0.0031813879972073487,"time":4.609869788,"model":"PowerModels.GenericPowerModel{PowerModels.StandardDCPForm}","load_shed":8.611363636363642,"lines":[18,2,21,22,5,38,20,23,31,27],"cut":"DC","expected_ac_load_shed":0.0031472854694455247,"ac_load_shed":8.519055100676061,"prob":0.00036944067531571195,"iterations":5,"k":10},{"expected_load_shed":0.0032188143677675334,"time":1.029278024,"model":"PowerModels.GenericPowerModel{PowerModels.SOCWRForm}","load_shed":9.191611177393153,"lines":[18,2,21,22,5,38,20,23,31,27],"cut":"DC","expected_ac_load_shed":0.0029832916589533527,"ac_load_shed":8.519055100676061,"prob":0.00035019044057088,"iterations":4,"k":10}]}