{"solution":[{"expected_load_shed":0.007069751104905223,"time":4.077464521,"model":"PowerModels.GenericPowerModel{PowerModels.StandardDCPForm}","load_shed":8.364967320261442,"lines":[18,2,21,22,5,20,23,31,27],"cut":"DC","expected_ac_load_shed":0.007199980212893929,"ac_load_shed":8.519055097370948,"prob":0.0008451618319872005,"iterations":4,"k":9},{"expected_load_shed":0.0071529202042284945,"time":1.061464733,"model":"PowerModels.GenericPowerModel{PowerModels.SOCWRForm}","load_shed":9.086990433982491,"lines":[18,2,21,22,5,20,23,31,27],"cut":"DC","expected_ac_load_shed":0.006705863923773755,"ac_load_shed":8.519055097370948,"prob":0.0007871605297920001,"iterations":5,"k":9}]}