{"solution":[{"expected_load_shed":0.34988406614628803,"time":4.685514764,"model":"PowerModels.GenericPowerModel{PowerModels.StandardDCPForm}","load_shed":8.67974681834683,"lines":[18,21,20,23],"cut":"DC","expected_ac_load_shed":0.516478991464235,"ac_load_shed":12.81254940323676,"prob":0.040310399999999996,"iterations":13,"k":4},{"expected_load_shed":0.3970172722061959,"time":2.426836363,"model":"PowerModels.GenericPowerModel{PowerModels.SOCWRForm}","load_shed":9.484225628898539,"lines":[18,21,20,23],"cut":"DC","expected_ac_load_shed":0.5363435680590133,"ac_load_shed":12.81254940323676,"prob":0.0418608,"iterations":10,"k":4}]}