{"solution":[{"expected_load_shed":0.00010402745558515853,"time":8.92921605,"model":"PowerModels.GenericPowerModel{PowerModels.StandardDCPForm}","load_shed":9.361943319838065,"lines":[18,12,2,21,25,26,22,5,38,20,23,13,31,27],"cut":"DC","expected_ac_load_shed":9.533939587397401e-5,"ac_load_shed":8.580062016311476,"prob":1.1111737385198985e-5,"iterations":14,"k":14},{"expected_load_shed":0.0001055037736934195,"time":1.984129181,"model":"PowerModels.GenericPowerModel{PowerModels.SOCWRForm}","load_shed":9.482631634675515,"lines":[18,12,2,21,25,26,22,5,38,20,23,13,31,27],"cut":"DC","expected_ac_load_shed":9.546178277496766e-5,"ac_load_shed":8.580062016311476,"prob":1.1126001489672936e-5,"iterations":7,"k":14}]}