{"solution":[{"expected_load_shed":0.13321904060695738,"time":14.4993487,"model":"PowerModels.GenericPowerModel{PowerModels.StandardDCPForm}","load_shed":5.668131232647333,"lines":[101,100,21,19,22],"cut":"DC","expected_ac_load_shed":0.14334023646984165,"ac_load_shed":6.0987623655603205,"prob":0.023503168000000005,"iterations":27,"k":5},{"expected_load_shed":0.1287415132114548,"time":20.669380602,"model":"PowerModels.GenericPowerModel{PowerModels.SOCWRForm}","load_shed":5.510591014488769,"lines":[101,100,21,19,22],"cut":"DC","expected_ac_load_shed":0.142482701691145,"ac_load_shed":6.0987623655603205,"prob":0.02336256000000001,"iterations":34,"k":5}]}