{"solution":[{"expected_load_shed":1.0285454303541305e-6,"time":4.388224719,"model":"PowerModels.GenericPowerModel{PowerModels.StandardDCPForm}","load_shed":10.881315789473677,"lines":[18,12,2,21,25,26,34,35,19,22,4,3,28,5,38,20,13,31,27],"cut":"DC","expected_ac_load_shed":1.1918288663345529e-6,"ac_load_shed":12.608744231289368,"prob":9.452399417992451e-8,"iterations":10,"k":19},{"expected_load_shed":1.0581570506644704e-6,"time":0.896448786,"model":"PowerModels.GenericPowerModel{PowerModels.SOCWRForm}","load_shed":11.194586727368819,"lines":[18,12,2,21,25,26,34,35,19,22,4,28,5,38,20,23,13,31,27],"cut":"DC","expected_ac_load_shed":1.058157877828718e-6,"ac_load_shed":11.194595478207743,"prob":9.452399417992451e-8,"iterations":3,"k":19}]}