{"solution":[{"expected_load_shed":0.6068426951195636,"time":4.089652638,"model":"PowerModels.GenericPowerModel{PowerModels.StandardDCPForm}","load_shed":3.895010880099896,"lines":[18,23],"cut":"DC","expected_ac_load_shed":0.6208034919488014,"ac_load_shed":3.9846180484518716,"prob":0.15579999999999994,"iterations":6,"k":2},{"expected_load_shed":0.6086235869797326,"time":1.226349356,"model":"PowerModels.GenericPowerModel{PowerModels.SOCWRForm}","load_shed":3.0294852512679573,"lines":[18,23],"cut":"DC","expected_ac_load_shed":0.800509765933981,"ac_load_shed":3.9846180484518716,"prob":0.2009,"iterations":7,"k":2}]}