{"solution":[{"expected_load_shed":4.284002136509024e-5,"time":7.845673572,"model":"PowerModels.GenericPowerModel{PowerModels.StandardDCPForm}","load_shed":8.933208255159474,"lines":[18,12,2,21,25,26,34,35,22,28,5,38,20,13,31],"cut":"DC","expected_ac_load_shed":5.208167503875485e-5,"ac_load_shed":10.860322534242927,"prob":4.79559192413851e-6,"iterations":20,"k":15},{"expected_load_shed":4.3319948400961426e-5,"time":1.845918465,"model":"PowerModels.GenericPowerModel{PowerModels.SOCWRForm}","load_shed":9.033284959654592,"lines":[18,12,2,21,25,26,34,35,22,28,5,38,20,13,31],"cut":"DC","expected_ac_load_shed":5.208167503875485e-5,"ac_load_shed":10.860322534242927,"prob":4.79559192413851e-6,"iterations":8,"k":15}]}