{"solution":[{"expected_load_shed":0.6091873670813023,"time":8.375735296,"model":"PowerModels.GenericPowerModel{PowerModels.StandardDCPForm}","load_shed":3.3843742615627908,"lines":[25,19],"cut":"DC","expected_ac_load_shed":0.7151797548077669,"ac_load_shed":3.973220860043149,"prob":0.18,"iterations":18,"k":2},{"expected_load_shed":0.5912590955395783,"time":4.547954041,"model":"PowerModels.GenericPowerModel{PowerModels.SOCWRForm}","load_shed":2.8425918054787416,"lines":[25,19],"cut":"DC","expected_ac_load_shed":0.8264299388889751,"ac_load_shed":3.973220860043149,"prob":0.20800000000000002,"iterations":16,"k":2}]}