{"solution":[{"expected_load_shed":0.2875080000000001,"time":6.140422404,"model":"PowerModels.GenericPowerModel{PowerModels.StandardDCPForm}","load_shed":1.7747407409962968,"lines":[19,23],"cut":"DC","expected_ac_load_shed":0.3142799633063692,"ac_load_shed":1.9399997737754582,"prob":0.16199999997667267,"iterations":16,"k":2},{"expected_load_shed":0.2875080002406783,"time":3.088024066,"model":"PowerModels.GenericPowerModel{PowerModels.SOCWRForm}","load_shed":1.75309756244316,"lines":[19,23],"cut":"DC","expected_ac_load_shed":0.3181599628991752,"ac_load_shed":1.9399997737754582,"prob":0.16400000000000003,"iterations":22,"k":2}]}