{"solution":[{"expected_load_shed":3.641436815756097e-5,"time":4.04099693,"model":"PowerModels.GenericPowerModel{PowerModels.StandardDCPForm}","load_shed":19.982368421052655,"lines":[18,12,2,21,25,26,19,22,4,5,38,20,23,13,31,27],"cut":"DC","expected_ac_load_shed":3.582797948839035e-5,"ac_load_shed":19.660587898194258,"prob":1.8223249311726327e-6,"iterations":5,"k":16},{"expected_load_shed":3.6770819014962894e-5,"time":1.011228784,"model":"PowerModels.GenericPowerModel{PowerModels.SOCWRForm}","load_shed":21.239969127789745,"lines":[18,12,2,21,25,26,19,22,4,5,38,20,23,13,31,27],"cut":"DC","expected_ac_load_shed":3.403658051397085e-5,"ac_load_shed":19.660587898194258,"prob":1.731208684614002e-6,"iterations":3,"k":16}]}