{"solution":[{"expected_load_shed":0.004736563498363212,"time":1433.790773314,"model":"PowerModels.GenericPowerModel{PowerModels.StandardDCPForm}","load_shed":6.396534777176184,"lines":[25,29,33,110,62,21,19,22,119,72],"cut":"DC","expected_ac_load_shed":0.006295994297256349,"ac_load_shed":8.502482125114533,"prob":0.0007404889777608958,"iterations":241,"k":10},{"expected_load_shed":0.004782962865375696,"time":119.47021797,"model":"PowerModels.GenericPowerModel{PowerModels.SOCWRForm}","load_shed":8.829500854122672,"lines":[25,29,33,110,118,21,19,22,119,72],"cut":"DC","expected_ac_load_shed":0.004605815995700434,"ac_load_shed":8.502482125119844,"prob":0.0005417025202667526,"iterations":104,"k":10}]}