{"solution":[{"expected_load_shed":0.014728648135219199,"time":4.021130742,"model":"PowerModels.GenericPowerModel{PowerModels.StandardDCPForm}","load_shed":8.595416666666665,"lines":[18,2,21,22,20,23,31,27],"cut":"DC","expected_ac_load_shed":0.01457873751556927,"ac_load_shed":8.507931092510802,"prob":0.0017135467315200002,"iterations":6,"k":8},{"expected_load_shed":0.014882454108781511,"time":1.151607909,"model":"PowerModels.GenericPowerModel{PowerModels.SOCWRForm}","load_shed":8.300416615359454,"lines":[18,2,21,22,20,23,31,27],"cut":"DC","expected_ac_load_shed":0.015254522744155542,"ac_load_shed":8.507931092510802,"prob":0.001792976762303999,"iterations":4,"k":8}]}