{"solution":[{"iterations":34,"time":12.865960414,"k":14,"model":"PowerModels.GenericPowerModel{PowerModels.StandardDCPForm}","lines":[18,2,11,21,7,29,19,4,37,3,5,20,23,36],"load_shed":28.9045,"cut":"DC","ac_load_shed":28.904499759224326},{"iterations":34,"time":8.934878678,"k":14,"model":"PowerModels.GenericPowerModel{PowerModels.SOCWRForm}","lines":[18,32,11,21,7,29,4,37,3,20,23,36,33,30],"load_shed":29.009635234647483,"cut":"DC","ac_load_shed":29.041961041476384},{"iterations":48,"time":14.757597409,"k":14,"model":"PowerModels.GenericPowerModel{PowerModels.SOCWRForm}","lines":[18,32,11,21,7,29,4,37,3,20,23,36,33,30],"load_shed":29.009635234647483,"cut":"AC","ac_load_shed":29.041961041476384}]}