{"solution":[{"iterations":19,"time":0.64485094,"k":24,"model":"PowerModels.GenericPowerModel{PowerModels.StandardDCPForm}","lines":[18,12,1,32,2,11,21,7,25,10,26,29,22,4,37,3,5,20,23,31,27,36,33,30],"load_shed":32.14,"cut":"DC","ac_load_shed":32.140000080612666},{"iterations":23,"time":3.416890704,"k":24,"model":"PowerModels.GenericPowerModel{PowerModels.SOCWRForm}","lines":[18,1,32,2,11,21,7,9,25,26,29,22,4,37,3,5,20,23,31,27,36,15,33,30],"load_shed":32.13999996051784,"cut":"DC","ac_load_shed":32.14000008061806},{"iterations":17,"time":1.525267924,"k":24,"model":"PowerModels.GenericPowerModel{PowerModels.SOCWRForm}","lines":[18,1,32,2,11,21,25,29,17,24,4,37,3,28,5,38,23,14,31,27,36,15,33,30],"load_shed":32.13999996022748,"cut":"AC","ac_load_shed":32.14000008061399}]}