{"solution":[{"iterations":39,"time":12.363547997,"k":22,"model":"PowerModels.GenericPowerModel{PowerModels.StandardDCPForm}","lines":[18,1,32,2,11,7,9,29,34,17,8,24,4,37,3,5,38,23,36,15,33,30],"load_shed":32.14,"cut":"DC","ac_load_shed":32.13999978042044},{"iterations":32,"time":7.872565575,"k":22,"model":"PowerModels.GenericPowerModel{PowerModels.SOCWRForm}","lines":[18,1,32,2,11,21,25,29,22,24,4,37,3,5,38,20,23,31,27,36,33,30],"load_shed":32.13999987182521,"cut":"DC","ac_load_shed":32.140000080618236},{"iterations":74,"time":19.888270099,"k":22,"model":"PowerModels.GenericPowerModel{PowerModels.SOCWRForm}","lines":[18,1,32,2,11,21,25,29,19,22,24,4,37,3,5,20,23,14,27,36,33,30],"load_shed":32.139999982139706,"cut":"AC","ac_load_shed":32.139999780410946}]}