{"solution":[{"iterations":13,"time":10.897976331,"k":7,"model":"PowerModels.GenericPowerModel{PowerModels.StandardDCPForm}","lines":[18,11,21,7,3,20,23],"load_shed":17.72,"cut":"DC","ac_load_shed":18.44126560188263},{"iterations":31,"time":32.700796219,"k":7,"model":"PowerModels.GenericPowerModel{PowerModels.SOCWRForm}","lines":[18,29,17,37,23,36,15],"load_shed":18.50905188323553,"cut":"DC","ac_load_shed":18.748205636626828},{"iterations":48,"time":52.379112007,"k":7,"model":"PowerModels.GenericPowerModel{PowerModels.SOCWRForm}","lines":[18,29,17,37,23,36,15],"load_shed":18.50905188323553,"cut":"AC","ac_load_shed":18.748205636626828}]}