{"solution":[{"iterations":25,"time":6.962605173,"k":10,"model":"PowerModels.GenericPowerModel{PowerModels.StandardDCPForm}","lines":[18,29,17,4,37,5,23,27,36,15],"load_shed":23.654500000000002,"cut":"DC","ac_load_shed":24.149219361105807},{"iterations":35,"time":9.937590571,"k":10,"model":"PowerModels.GenericPowerModel{PowerModels.SOCWRForm}","lines":[18,11,29,17,37,3,23,27,36,15],"load_shed":24.191689202136708,"cut":"DC","ac_load_shed":24.380389072701618},{"iterations":50,"time":15.715454329,"k":10,"model":"PowerModels.GenericPowerModel{PowerModels.SOCWRForm}","lines":[18,11,21,29,37,3,20,23,27,36],"load_shed":24.186957796275113,"cut":"AC","ac_load_shed":24.375765718064933}]}