{"solution":[{"iterations":50,"time":22.830192949,"k":21,"model":"PowerModels.GenericPowerModel{PowerModels.StandardDCPForm}","lines":[18,1,32,2,11,21,29,22,6,24,4,37,3,28,5,20,23,27,36,33,30],"load_shed":32.14,"cut":"DC","ac_load_shed":32.14000008062361},{"iterations":34,"time":6.872607227,"k":21,"model":"PowerModels.GenericPowerModel{PowerModels.SOCWRForm}","lines":[18,1,32,2,11,21,7,25,29,19,24,4,37,3,5,38,20,23,36,33,30],"load_shed":32.13999995924002,"cut":"DC","ac_load_shed":32.13999979157933},{"iterations":135,"time":46.718718901,"k":21,"model":"PowerModels.GenericPowerModel{PowerModels.SOCWRForm}","lines":[18,1,32,2,11,25,29,19,17,22,4,37,3,5,23,31,27,36,15,33,30],"load_shed":32.13999989114552,"cut":"AC","ac_load_shed":32.14000008062318}]}