{"solution":[{"iterations":8,"time":0.300425976,"k":28,"model":"PowerModels.GenericPowerModel{PowerModels.StandardDCPForm}","lines":[18,1,32,2,16,11,21,7,9,25,26,29,34,35,19,8,24,4,37,3,28,5,20,23,36,15,33,30],"load_shed":32.14,"cut":"DC","ac_load_shed":32.140000080616694},{"iterations":5,"time":0.16613084,"k":28,"model":"PowerModels.GenericPowerModel{PowerModels.SOCWRForm}","lines":[18,1,32,2,16,11,21,7,9,25,26,29,22,6,24,4,37,3,28,5,38,20,23,27,36,15,33,30],"load_shed":32.13999997916455,"cut":"DC","ac_load_shed":32.140000080617746},{"iterations":38,"time":2.150681176,"k":28,"model":"PowerModels.GenericPowerModel{PowerModels.SOCWRForm}","lines":[18,1,32,2,16,11,21,7,9,25,26,29,22,6,24,4,37,3,5,38,20,23,14,27,36,15,33,30],"load_shed":32.139999432678636,"cut":"AC","ac_load_shed":32.14000008061479}]}