{"solution":[{"iterations":15,"time":16.904704844,"k":8,"model":"PowerModels.GenericPowerModel{PowerModels.StandardDCPForm}","lines":[18,29,17,37,23,27,36,15],"load_shed":20.1545,"cut":"DC","ac_load_shed":21.2446641689851},{"iterations":22,"time":23.840641099,"k":8,"model":"PowerModels.GenericPowerModel{PowerModels.SOCWRForm}","lines":[18,21,29,37,20,23,27,36],"load_shed":20.878849069348618,"cut":"DC","ac_load_shed":21.244860993044593},{"iterations":20,"time":23.854745,"k":8,"model":"PowerModels.GenericPowerModel{PowerModels.SOCWRForm}","lines":[18,21,7,29,37,20,23,36],"load_shed":20.878850479280203,"cut":"AC","ac_load_shed":21.244860991395672}]}