{"solution":[{"iterations":22,"time":10.730020544,"k":19,"model":"PowerModels.GenericPowerModel{PowerModels.StandardDCPForm}","lines":[18,1,32,2,11,7,29,17,24,4,37,3,28,5,23,31,36,15,33],"load_shed":32.14,"cut":"DC","ac_load_shed":32.140000080627786},{"iterations":32,"time":7.924904837,"k":19,"model":"PowerModels.GenericPowerModel{PowerModels.SOCWRForm}","lines":[18,32,2,11,25,29,17,22,4,37,3,28,5,23,31,27,36,15,33],"load_shed":32.13999975907941,"cut":"DC","ac_load_shed":32.13999979157933},{"iterations":62,"time":23.670731205,"k":19,"model":"PowerModels.GenericPowerModel{PowerModels.SOCWRForm}","lines":[18,32,2,11,21,26,29,24,4,37,3,28,5,20,23,31,27,36,33],"load_shed":32.1399999304474,"cut":"AC","ac_load_shed":32.14000008062161}]}