{"solution":[{"iterations":0,"time":0.087697214,"k":31,"model":"PowerModels.GenericPowerModel{PowerModels.StandardDCPForm}","lines":[18,12,1,32,2,16,11,21,7,9,29,35,22,6,24,4,37,3,28,5,38,20,23,13,14,31,27,36,15,33,30],"load_shed":32.14,"cut":"DC","ac_load_shed":32.140000080617654},{"iterations":2,"time":0.13986028,"k":31,"model":"PowerModels.GenericPowerModel{PowerModels.SOCWRForm}","lines":[18,12,1,32,2,16,11,21,7,9,29,35,22,6,24,4,37,3,28,5,38,20,23,13,14,31,27,36,15,33,30],"load_shed":32.13999999980666,"cut":"DC","ac_load_shed":32.140000080617654},{"iterations":8,"time":0.235428635,"k":31,"model":"PowerModels.GenericPowerModel{PowerModels.SOCWRForm}","lines":[18,12,1,32,2,16,11,21,7,9,29,35,22,6,24,4,37,3,28,5,38,20,23,13,14,31,27,36,15,33,30],"load_shed":32.13999999980666,"cut":"AC","ac_load_shed":32.140000080617654}]}