{"solution":[{"iterations":12,"time":2.59722706,"k":4,"model":"PowerModels.GenericPowerModel{PowerModels.StandardDCPForm}","lines":[18,21,20,23],"load_shed":11.06667719339221,"cut":"DC","ac_load_shed":12.81254940323676},{"iterations":13,"time":2.783024549,"k":4,"model":"PowerModels.GenericPowerModel{PowerModels.SOCWRForm}","lines":[18,17,23,15],"load_shed":12.574554222766848,"cut":"DC","ac_load_shed":12.813705582277755},{"iterations":16,"time":3.737837702,"k":4,"model":"PowerModels.GenericPowerModel{PowerModels.SOCWRForm}","lines":[18,17,23,15],"load_shed":12.574554222766848,"cut":"AC","ac_load_shed":12.813705582277755}]}