{"solution":[{"iterations":41,"time":22.362474728,"k":18,"model":"PowerModels.GenericPowerModel{PowerModels.StandardDCPForm}","lines":[18,32,2,11,9,29,17,6,4,37,3,5,23,27,36,15,33,30],"load_shed":32.14,"cut":"DC","ac_load_shed":32.139999780414854},{"iterations":27,"time":5.311664546,"k":18,"model":"PowerModels.GenericPowerModel{PowerModels.SOCWRForm}","lines":[18,32,2,11,21,25,29,4,37,3,5,20,23,31,27,36,33,30],"load_shed":32.1399999823857,"cut":"DC","ac_load_shed":32.13999979157933},{"iterations":52,"time":15.37718628,"k":18,"model":"PowerModels.GenericPowerModel{PowerModels.SOCWRForm}","lines":[18,1,32,2,11,21,7,29,22,4,37,3,5,20,23,36,33,30],"load_shed":32.139999857083254,"cut":"AC","ac_load_shed":32.13999979157678}]}