{"solution":[{"iterations":0,"time":0.089332918,"k":34,"model":"PowerModels.GenericPowerModel{PowerModels.StandardDCPForm}","lines":[18,12,1,32,2,16,11,21,7,9,29,34,35,19,8,22,6,24,4,37,3,28,5,38,20,23,13,14,31,27,36,15,33,30],"load_shed":32.14,"cut":"DC","ac_load_shed":null},{"iterations":1,"time":0.11425855,"k":34,"model":"PowerModels.GenericPowerModel{PowerModels.SOCWRForm}","lines":[18,12,1,32,2,16,11,21,7,9,29,34,35,19,8,22,6,24,4,37,3,28,5,38,20,23,13,14,31,27,36,15,33,30],"load_shed":32.13999983978803,"cut":"DC","ac_load_shed":null},{"iterations":7,"time":0.195791798,"k":34,"model":"PowerModels.GenericPowerModel{PowerModels.SOCWRForm}","lines":[18,12,1,32,2,16,11,21,7,9,29,34,35,19,8,22,6,24,4,37,3,28,5,38,20,23,13,14,31,27,36,15,33,30],"load_shed":32.13999983978803,"cut":"AC","ac_load_shed":null}]}