{"solution":[{"iterations":0,"time":0.088210102,"k":33,"model":"PowerModels.GenericPowerModel{PowerModels.StandardDCPForm}","lines":[18,12,1,32,2,16,11,21,7,9,29,34,35,19,22,6,24,4,37,3,28,5,38,20,23,13,14,31,27,36,15,33,30],"load_shed":32.14,"cut":"DC","ac_load_shed":null},{"iterations":6,"time":0.267838373,"k":33,"model":"PowerModels.GenericPowerModel{PowerModels.SOCWRForm}","lines":[18,12,1,32,2,16,11,21,7,9,29,34,35,19,22,6,24,4,37,3,28,5,38,20,23,13,14,31,27,36,15,33,30],"load_shed":32.13999999230638,"cut":"DC","ac_load_shed":null},{"iterations":6,"time":0.160321693,"k":33,"model":"PowerModels.GenericPowerModel{PowerModels.SOCWRForm}","lines":[18,12,1,32,2,16,11,21,7,9,29,34,35,19,22,6,24,4,37,3,28,5,38,20,23,13,14,31,27,36,15,33,30],"load_shed":32.13999999230638,"cut":"AC","ac_load_shed":null}]}