{"solution":[{"iterations":10,"time":0.89083749,"k":5,"model":"PowerModels.GenericPowerModel{PowerModels.StandardDCPForm}","lines":[18,21,20,23,27],"load_shed":8.420000000000005,"cut":"DC","ac_load_shed":8.50209109456408},{"iterations":9,"time":0.814098557,"k":5,"model":"PowerModels.GenericPowerModel{PowerModels.SOCWRForm}","lines":[18,21,7,20,23],"load_shed":8.50209003656633,"cut":"DC","ac_load_shed":8.502091094564001},{"iterations":10,"time":0.901597269,"k":5,"model":"PowerModels.GenericPowerModel{PowerModels.SOCWRForm}","lines":[18,21,20,23,27],"load_shed":8.502090418905201,"cut":"AC","ac_load_shed":8.50209109456408}]}